주차장코드,주차장명,주소,주차장 종류,주차장 종류명,운영구분,운영구분명,전화번호,총 주차면,유무료구분,유무료구분명,야간무료개방여부,야간무료개방여부명,평일 운영 시작시각(HHMM),평일 운영 종료시각(HHMM),최종데이터 동기화 시간,기본 주차 요금,기본 주차 시간(분 단위),추가 단위 요금,추가 단위 시간(분 단위),일 최대 요금,구,행정동
1012254,마들스타디움(근린공원)(구),노원구 상계동 770-2,NW,노외 주차장,1,시간제 주차장,02-2289-6735,177,Y,유료,N,야간 미개방,0,2400,2019-06-10 09:36:13,150.0,5.0,150.0,5.0,11000.0,노원구,상계동
1013181,마장동공영주차장(구),성동구 마장동 463-2,NW,노외 주차장,1,시간제 주차장,,53,N,무료,N,야간 미개방,0,0,2020-04-28 15:30:10,,,,,,성동구,마장동
1025696,당산근린공원 공영(구),영등포구 당산동3가 385-0,NW,노외 주차장,1,시간제 주차장,02-2677-1401,190,Y,유료,N,야간 미개방,0,2400,2020-08-11 16:45:02,150.0,5.0,150.0,5.0,0.0,영등포구,당산동3가
1025697,대림운동장(구),영등포구 대림동 780-0,NW,노외 주차장,1,시간제 주차장,02-2677-1401,192,Y,유료,N,야간 미개방,0,2400,2020-08-11 17:44:08,50.0,5.0,50.0,5.0,,영등포구,대림동
1028245,방학동 도깨비시장 공영주차장(구),도봉구 방학동 632-1,NW,노외 주차장,3,시간제 + 거주자 주차장,02-901-5100,80,Y,유료,N,야간 미개방,900,2200,2019-09-07 13:33:57,100.0,5.0,100.0,5.0,0.0,도봉구,방학동
1033590,신림동공영주차장(구),관악구 신림동 1456-3,NW,노외 주차장,3,시간제 + 거주자 주차장,02-2081-2675,191,Y,유료,N,야간 미개방,0,2400,2019-06-10 09:36:15,250.0,5.0,250.0,5.0,0.0,관악구,신림동
1034344,수유2동 공영주차장(구),강북구 수유동 660-30,NW,노외 주차장,1,시간제 주차장,02-900-7443,62,Y,유료,N,야간 미개방,0,2400,2019-06-10 09:33:48,150.0,5.0,150.0,5.0,10000.0,강북구,수유동
1034345,송중동(임시)공영주차장(구),강북구 미아동 860-123,NW,노외 주차장,1,시간제 주차장,02-988-1283,6,Y,유료,N,야간 미개방,0,2400,2019-06-10 09:33:48,200.0,5.0,200.0,5.0,10000.0,강북구,미아동
1037569,바람개비주차장(구),양천구 목동 919-8,NW,노외 주차장,1,시간제 주차장,02-2644-1386,186,Y,유료,N,야간 미개방,900,1900,2020-09-02 15:46:30,150.0,5.0,150.0,5.0,9000.0,양천구,목동
1037932,구로디지털단지역 공영주차장(시),구로구 구로동 810-3,NW,노외 주차장,1,시간제 주차장,02-2290-6034,93,Y,유료,N,야간 미개방,0,2400,2021-10-06 17:59:24,260.0,5.0,260.0,5.0,0.0,구로구,구로동
1040011,상계2동 공영주차장(구),노원구 상계동 373-13,NW,노외 주차장,1,시간제 주차장,02-931-2758,108,Y,유료,N,야간 미개방,0,2400,2019-06-10 09:35:52,150.0,5.0,150.0,5.0,11000.0,노원구,상계동
1040225,논현로22길(시),강남구 개포동 1266-0,NW,노외 주차장,1,시간제 주차장,02-2176-0907,97,Y,유료,N,야간 미개방,0,2400,2020-07-08 18:08:02,200.0,5.0,200.0,5.0,,강남구,개포동
1041839,신당동 공영주차장(구),중구 신당동 300-6,NW,노외 주차장,3,시간제 + 거주자 주차장,02-2280-8368,75,Y,유료,N,야간 미개방,0,2400,2021-05-26 14:46:37,200.0,5.0,200.0,5.0,0.0,중구,신당동
1041840,남산동 공영주차장(구),중구 남산동2가 30-4,NW,노외 주차장,3,시간제 + 거주자 주차장,02-2280-8368,49,Y,유료,N,야간 미개방,0,2400,2021-05-26 13:36:41,250.0,5.0,250.0,5.0,0.0,중구,남산동2가
1041991,불암산 공영주차장(구),노원구 중계동 26-0,NW,노외 주차장,1,시간제 주차장,,39,Y,유료,N,야간 미개방,0,0,2021-01-21 17:13:56,150.0,5.0,150.0,5.0,,노원구,중계동
1042406,삼성1문화센터 공영주차장(구),강남구 삼성동 161-2,NW,노외 주차장,1,시간제 주차장,02-2176-0910,70,Y,유료,N,야간 미개방,0,2400,2020-07-07 18:19:30,400.0,5.0,400.0,5.0,,강남구,삼성동
1042410,논현초교 공영주차장(구),강남구 논현동 168-0,NW,노외 주차장,1,시간제 주차장,02-2176-0943,192,Y,유료,N,야간 미개방,0,2400,2020-07-08 11:14:48,300.0,5.0,300.0,5.0,,강남구,논현동
1051043,구파발역 공영주차장(시),은평구 진관동 66-30,NW,노외 주차장,1,시간제 주차장,02-2290-6088,399,Y,유료,N,야간 미개방,0,2400,2021-10-06 18:00:52,170.0,5.0,170.0,5.0,,은평구,진관동
1052723,살곶이 공영주차장(구),성동구 사근동 104-0,NW,노외 주차장,1,시간제 주차장,,102,N,무료,N,야간 미개방,0,0,2020-04-28 15:30:39,,,,,,성동구,사근동
1052741,마장동축산물(평면)(구),성동구 마장동 525-0,NW,노외 주차장,1,시간제 주차장,,32,N,무료,N,야간 미개방,0,0,2020-04-28 17:09:47,,,,,,성동구,마장동
1053712,볏골공원 지하공영주차장(구),강서구 화곡동 98-99,NW,노외 주차장,1,시간제 주차장,02-2065-1575,231,Y,유료,N,야간 미개방,0,0,2021-02-06 15:10:37,1200.0,60.0,100.0,5.0,,강서구,화곡동
1056834,동작주차공원(구),동작구 동작동 326-0,NW,노외 주차장,1,시간제 주차장,,147,Y,유료,N,야간 미개방,0,2400,2019-06-10 09:31:05,100.0,5.0,100.0,5.0,,동작구,동작동
1059009,신사동 제1공영주차장(구),관악구 신림동 511-1,NW,노외 주차장,3,시간제 + 거주자 주차장,02-2081-2675,41,Y,유료,N,야간 미개방,900,1900,2019-06-10 09:33:25,50.0,5.0,50.0,5.0,0.0,관악구,신림동
1079122,길음역환승주차장(구),성북구 하월곡동 104-112,NW,노외 주차장,1,시간제 주차장,02-6923-0023,147,Y,유료,N,야간 미개방,0,2400,2019-06-10 09:37:28,150.0,5.0,150.0,5.0,10000.0,성북구,하월곡동
1140910,반포2동 공영주차장(구),서초구 반포동 5-1,NW,노외 주차장,1,시간제 주차장,02-534-2772,134,Y,유료,N,야간 미개방,0,2400,2019-06-10 09:32:55,300.0,10.0,300.0,10.0,0.0,서초구,반포동
1140911,반포서래공영주차장[서래마을 3호점](구),서초구 반포동 95-13,NW,노외 주차장,1,시간제 주차장,,7,Y,유료,N,야간 미개방,0,2400,2021-06-17 10:31:34,150.0,5.0,150.0,5.0,0.0,서초구,반포동
1189711,동부청과 공영주차장(시),동대문구 용두동 8-1,NS,노상 주차장,1,시간제 주차장,,1,Y,유료,N,야간 미개방,800,2200,2021-10-08 14:37:12,430.0,5.0,430.0,5.0,,동대문구,용두동
1235254,남산파출소 공영주차장(시),중구 회현동1가 1-16,NS,노상 주차장,1,시간제 주차장,,1,Y,유료,N,야간 미개방,900,1900,2021-10-08 09:37:26,330.0,5.0,330.0,5.0,,중구,회현동1가
1238860,당고개위 공영주차장(시),노원구 상계동 111-568,NS,노상 주차장,1,시간제 주차장,02-1688-1054,1,Y,유료,N,야간 미개방,900,2200,2021-11-11 10:34:30,260.0,5.0,260.0,5.0,0.0,노원구,상계동
1247636,신설동 공영주차장(시),동대문구 신설동 114-29,NW,노외 주차장,1,시간제 주차장,02-2232-6096,79,Y,유료,N,야간 미개방,900,1900,2021-10-06 16:41:26,260.0,5.0,260.0,5.0,,동대문구,신설동
1247659,구의3동 공영주차장(구),광진구 구의동 219-15,NW,노외 주차장,1,시간제 주차장,02-2049-4596,159,Y,유료,N,야간 미개방,0,2400,2021-09-13 17:12:24,150.0,5.0,0.0,0.0,,광진구,구의동
1247661,광진광장 공영주차장(구),광진구 군자동 374-9,NW,노외 주차장,1,시간제 주차장,02-2049-4596,36,Y,유료,N,야간 미개방,0,2400,2021-09-13 17:26:12,250.0,5.0,0.0,0.0,100000.0,광진구,군자동
1247676,공덕1-2 공영주차장(구),마포구 공덕동 7-133,NW,노외 주차장,3,시간제 + 거주자 주차장,02-300-5041,56,Y,유료,N,야간 미개방,900,1800,2019-06-10 09:38:01,1000.0,60.0,500.0,30.0,0.0,마포구,공덕동
1247678,망원1-2 공영주차장(구),마포구 망원동 403-2,NW,노외 주차장,1,시간제 주차장,02-300-5052,150,Y,유료,N,야간 미개방,0,2400,2019-06-10 09:37:29,150.0,5.0,150.0,5.0,0.0,마포구,망원동
1247683,덕원주차장(구),동대문구 장안동 458-8,NW,노외 주차장,1,시간제 주차장,02-6240-0150,77,Y,유료,N,야간 미개방,0,2400,2019-06-10 09:37:30,1000.0,30.0,300.0,10.0,15000.0,동대문구,장안동
1254864,신길1동공영(구),영등포구 신길동 120-82,NW,노외 주차장,1,시간제 주차장,02-2650-1454,18,N,무료,N,야간 미개방,0,0,2019-06-10 09:38:03,0.0,0.0,0.0,0.0,0.0,영등포구,신길동
1277160,당산노외 공영주차장(시),영등포구 당산동3가 2-1,NW,노외 주차장,1,시간제 주차장,,237,Y,유료,N,야간 미개방,800,2100,2021-10-07 15:38:56,260.0,5.0,260.0,5.0,0.0,영등포구,당산동3가
1277163,명일동 공영주차장(시),강동구 명일동 47-9,NW,노외 주차장,1,시간제 주차장,,11,Y,유료,N,야간 미개방,900,2000,2021-10-07 16:37:38,220.0,5.0,220.0,5.0,,강동구,명일동
1364466,도곡로21길 7 공영주차장(구),강남구 역삼동 795-25,NW,노외 주차장,1,시간제 주차장,02-2176-0920,75,Y,유료,N,야간 미개방,0,2400,2020-07-07 18:10:18,400.0,5.0,400.0,5.0,,강남구,역삼동
1365707,배봉공영주차장(구),동대문구 휘경동 286-66,NW,노외 주차장,3,시간제 + 거주자 주차장,02-2247-9664~6,199,Y,유료,N,야간 미개방,900,1900,2019-06-10 09:35:48,1000.0,60.0,0.0,0.0,10000.0,동대문구,휘경동
1366394,개봉1동마을공동주차장(구),구로구 개봉동 416-2,NW,노외 주차장,1,시간제 주차장,,56,Y,유료,N,야간 미개방,900,1800,2019-06-10 09:35:56,50.0,5.0,50.0,5.0,0.0,구로구,개봉동
1366395,개봉1동 노외주차장(구),구로구 개봉동 134-8,NW,노외 주차장,1,시간제 주차장,,134,Y,유료,N,야간 미개방,0,2400,2020-12-28 13:24:26,100.0,5.0,100.0,5.0,0.0,구로구,개봉동
1366504,송정동(건물)(구),성동구 송정동 68-57,NW,노외 주차장,1,시간제 주차장,02-2204-7965,122,Y,유료,N,야간 미개방,0,2400,2019-06-10 09:35:57,100.0,5.0,100.0,5.0,10000.0,성동구,송정동
1366527,동작대교 공영주차장(시),용산구 용산동6가 69-11,NW,노외 주차장,1,시간제 주차장,,88,Y,유료,N,야간 미개방,800,2200,2021-11-17 15:01:25,120.0,5.0,120.0,5.0,,용산구,용산동6가
1366575,망원동 공영주차장(시),마포구 망원동 478-10,NW,노외 주차장,1,시간제 주차장,02-300-5053,20,Y,유료,N,야간 미개방,900,2000,2021-10-08 11:31:30,150.0,5.0,150.0,5.0,0.0,마포구,망원동
1366576,개화역 공영주차장(시),강서구 개화동 664-0,NW,노외 주차장,1,시간제 주차장,02-2290-6312,483,Y,유료,N,야간 미개방,0,2400,2021-10-06 17:58:43,170.0,5.0,170.0,5.0,0.0,강서구,개화동
1366590,신대방역 공영주차장(시),관악구 신림동 498-0,NW,노외 주차장,1,시간제 주차장,02-2290-6144,60,Y,유료,N,야간 미개방,0,2400,2021-10-07 12:55:11,260.0,5.0,260.0,5.0,,관악구,신림동
1366593,구로디지털단지역(상) 공영주차장(시),관악구 신림동 1677-5,NW,노외 주차장,1,시간제 주차장,,31,Y,유료,N,야간 미개방,800,2100,2021-10-07 15:32:46,260.0,5.0,260.0,5.0,0.0,관악구,신림동
1366791,송천동공영주차장(구),강북구 미아동 439-138,NW,노외 주차장,1,시간제 주차장,02-944-3039,59,Y,유료,N,야간 미개방,0,2400,2019-06-10 09:35:43,150.0,5.0,150.0,5.0,10000.0,강북구,미아동
1366792,수유일공원공영주차장(구),강북구 수유동 605-407,NW,노외 주차장,1,시간제 주차장,02-944-3042,91,Y,유료,N,야간 미개방,0,2400,2019-06-10 09:38:18,200.0,5.0,200.0,5.0,10000.0,강북구,수유동
1366793,번2동 공영주차장(무인)(구),강북구 번동 148-140,NW,노외 주차장,1,시간제 주차장,02)944-3025,20,N,무료,N,야간 미개방,0,0,2019-06-10 09:32:13,0.0,0.0,0.0,0.0,0.0,강북구,번동
1366794,미아동공영주차장(구),강북구 미아동 222-100,NW,노외 주차장,1,시간제 주차장,02-944-3048,155,Y,유료,N,야간 미개방,0,2400,2019-06-10 09:35:43,150.0,5.0,150.0,5.0,10000.0,강북구,미아동
1366795,수유동쌈지마당공영주차장(구),강북구 수유동 612-6,NW,노외 주차장,1,시간제 주차장,,19,Y,유료,N,야간 미개방,0,2400,2019-06-10 09:35:43,250.0,5.0,250.0,5.0,15000.0,강북구,수유동
1366869,당곡중학교공영 (지하주차장)(구),관악구 봉천동 682-0,NW,노외 주차장,3,시간제 + 거주자 주차장,02-2081-2675,159,Y,유료,N,야간 미개방,0,2400,2019-06-10 09:38:18,50.0,5.0,50.0,5.0,,관악구,봉천동
1366903,석계역 공영주차장(시),노원구 월계동 50-9,NW,노외 주차장,1,시간제 주차장,02-1688-1054,76,Y,유료,N,야간 미개방,0,2400,2021-10-08 14:58:01,260.0,5.0,260.0,5.0,,노원구,월계동
1368512,구청앞(구),강북구 수유동 191-1,NS,노상 주차장,3,시간제 + 거주자 주차장,,1,Y,유료,N,야간 미개방,900,1900,2019-06-10 09:58:54,250.0,5.0,250.0,5.0,15000.0,강북구,수유동
1368749,신길5동 공영(구),영등포구 신길동 400-1,NW,노외 주차장,1,시간제 주차장,02-2677-1401,26,Y,유료,N,야간 미개방,0,2400,2020-08-11 17:27:38,150.0,5.0,150.0,5.0,0.0,영등포구,신길동
1370100,강일동공영주차장(구),강동구 강일동 292-2,NW,노외 주차장,1,시간제 주차장,02-427-6124,85,Y,유료,N,야간 미개방,0,2400,2019-06-10 09:37:25,150.0,5.0,150.0,5.0,,강동구,강일동
1370637,번동 햇살 주차장(구),강북구 번동 148-380,NW,노외 주차장,1,시간제 주차장,02-944-3044,187,Y,유료,N,야간 미개방,0,2400,2019-06-10 09:39:04,150.0,5.0,150.0,5.0,10000.0,강북구,번동
1370857,봉수대공영주차장(구),중랑구 신내동 12-2,NW,노외 주차장,1,시간제 주차장,02-438-8271,31,Y,유료,N,야간 미개방,800,1700,2019-06-10 09:38:53,150.0,5.0,150.0,5.0,3000.0,중랑구,신내동
1371688,공단본부(구),양천구 목동 919-5,NW,노외 주차장,1,시간제 주차장,02-2644-1386,23,Y,유료,N,야간 미개방,900,1730,2020-09-02 15:45:35,150.0,5.0,150.0,5.0,9000.0,양천구,목동
1371690,목동타운홀(구),양천구 목동 905-21,NW,노외 주차장,1,시간제 주차장,02-2644-1384,25,Y,유료,N,야간 미개방,900,1900,2020-09-02 11:51:19,150.0,5.0,150.0,5.0,9000.0,양천구,목동
1372128,마천동 3공영주차장(구),송파구 마천동 128-4,NW,노외 주차장,1,시간제 주차장,02-430-6790,47,Y,유료,N,야간 미개방,0,2400,2020-11-16 11:27:54,100.0,5.0,100.0,5.0,,송파구,마천동
1372154,문정 공영주차장(구),송파구 문정동 2-5,NW,노외 주차장,1,시간제 주차장,02-407-1500,101,Y,유료,N,야간 미개방,600,2100,2019-06-10 09:39:16,100.0,5.0,100.0,5.0,0.0,송파구,문정동
1372454,대림노외 공영주차장(시),구로구 구로동 120-5,NW,노외 주차장,1,시간제 주차장,,93,Y,유료,N,야간 미개방,900,1900,2021-10-07 15:42:37,260.0,5.0,260.0,5.0,,구로구,구로동
1372873,도봉산역 공영주차장(시),도봉구 도봉동 288-19,NW,노외 주차장,1,시간제 주차장,02)2290-6047 ,358,Y,유료,N,야간 미개방,0,2400,2021-10-06 18:04:53,170.0,5.0,170.0,5.0,0.0,도봉구,도봉동
1374090,수서역남 공영주차장(시),강남구 수서동 727-0,NW,노외 주차장,1,시간제 주차장,02-3405-4076,80,Y,유료,N,야간 미개방,0,2400,2021-11-10 16:41:17,320.0,5.0,320.0,5.0,0.0,강남구,수서동
1384005,남부골목 전통시장 고객주차장(구),강서구 화곡동 797-7,NW,노외 주차장,1,시간제 주차장,02-2646-5656,17,Y,유료,N,야간 미개방,1000,2000,2019-06-10 09:39:07,250.0,5.0,250.0,5.0,0.0,강서구,화곡동
1384007,까치산 전통시장 고객주차장(구),강서구 화곡동 342-16,NW,노외 주차장,1,시간제 주차장,02-2606-4500,19,Y,유료,N,야간 미개방,1000,2000,2019-06-10 09:38:55,250.0,5.0,250.0,5.0,0.0,강서구,화곡동
1384008,송화골목 전통시장 고객주차장(구),강서구 내발산동 720-4,NW,노외 주차장,1,시간제 주차장,02-2696-5225,24,Y,유료,N,야간 미개방,1000,2100,2019-06-10 09:39:23,250.0,5.0,250.0,5.0,0.0,강서구,내발산동
1384016,가로공원로 지하 주차장(구),강서구 화곡동 662-15,NW,노외 주차장,1,시간제 주차장,02-2699-0802,500,Y,유료,N,야간 미개방,0,0,2021-02-06 15:11:48,100.0,5.0,100.0,5.0,5000.0,강서구,화곡동
1384198,동대문 공영주차장(시),중구 신당동 251-7,NW,노외 주차장,1,시간제 주차장,02)2254-4901 ,1092,Y,유료,N,야간 미개방,0,2400,2021-10-06 18:06:24,360.0,5.0,360.0,5.0,0.0,중구,신당동
1384945,교육청길(구),강북구 미아동 137-19,NS,노상 주차장,3,시간제 + 거주자 주차장,02-944-3025,1,Y,유료,N,야간 미개방,900,1900,2019-06-10 09:59:38,200.0,5.0,200.0,5.0,10000.0,강북구,미아동
1385457,신문로 공영주차장(시),종로구 신문로1가 58-36,NW,노외 주차장,1,시간제 주차장,02-720-0964,17,Y,유료,N,야간 미개방,900,1900,2021-10-07 12:56:15,400.0,5.0,400.0,5.0,0.0,종로구,신문로1가
1386536,서울글로벌센터 공영주차장(시),종로구 서린동 63-0,NW,노외 주차장,1,시간제 주차장,02-720-9862,44,Y,유료,N,야간 미개방,900,1800,2021-08-09 16:38:01,700.0,5.0,700.0,5.0,0.0,종로구,서린동
1398740,신교공영(구),종로구 신교동 66-0,NW,노외 주차장,3,시간제 + 거주자 주차장,02-2236-0052,158,Y,유료,N,야간 미개방,0,2400,2019-06-10 09:38:40,150.0,5.0,150.0,5.0,0.0,종로구,신교동
1412826,매바위 공영주차장(구),은평구 응암동 747-8,NW,노외 주차장,1,시간제 주차장,,80,Y,유료,N,야간 미개방,0,2400,2021-06-09 19:37:52,1200.0,60.0,100.0,5.0,,은평구,응암동
1415512,견인보관소(구),동대문구 휘경동 361-0,NW,노외 주차장,1,시간제 주차장,02-2247-9666,40,Y,유료,N,야간 미개방,0,2400,2019-06-10 09:38:23,500.0,10.0,500.0,10.0,0.0,동대문구,휘경동
1415917,구룡 공영주차장(구),금천구 독산동 964-0,NW,노외 주차장,3,시간제 + 거주자 주차장,02-809-0061~7,22,Y,유료,N,야간 미개방,830,1900,2019-06-10 09:39:25,65.0,5.0,65.0,5.0,0.0,금천구,독산동
1415929,다목적 공영주차장(구),금천구 독산동 971-0,NW,노외 주차장,3,시간제 + 거주자 주차장,02-865-7557,46,Y,유료,N,야간 미개방,830,1900,2019-06-10 09:38:32,65.0,5.0,65.0,5.0,0.0,금천구,독산동
1417234,면목초교주자창(구),중랑구 면목동 192-1,NW,노외 주차장,1,시간제 주차장,,82,Y,유료,N,야간 미개방,0,2400,2019-06-10 09:39:12,100.0,5.0,100.0,5.0,,중랑구,면목동
1418248,방배열린문화센터 공영주차장(구),서초구 방배동 852-14,NW,노외 주차장,1,시간제 주차장,02-2155-7290,109,Y,유료,N,야간 미개방,0,2400,2020-10-28 14:38:31,300.0,10.0,300.0,10.0,0.0,서초구,방배동
1423651,서강대역 환승 공영주차장(구),마포구 신수동 93-35,NW,노외 주차장,1,시간제 주차장,02-300-5052,98,Y,유료,N,야간 미개방,1000,2000,2019-06-10 09:39:14,150.0,5.0,150.0,5.0,,마포구,신수동
1423770,남부초등학교(지하주차장)(구),관악구 신림동 467-0,NW,노외 주차장,3,시간제 + 거주자 주차장,,135,Y,유료,N,야간 미개방,0,2400,2019-06-10 09:38:52,150.0,5.0,150.0,5.0,,관악구,신림동
1423842,마장축산물시장 서문(구),성동구 마장동 522-1,NW,노외 주차장,1,시간제 주차장,,130,N,무료,N,야간 미개방,0,0,2020-04-28 17:14:04,,,,,,성동구,마장동
1424206,다산아트 공영주차장(구),중구 신당동 432-612,NW,노외 주차장,3,시간제 + 거주자 주차장,02-2280-8368,76,Y,유료,N,야간 미개방,0,2400,2021-05-26 14:51:36,150.0,5.0,150.0,5.0,0.0,중구,신당동
1425816,동국제강 공영주차장(시),중구 삼각동 111-1,NW,노외 주차장,1,시간제 주차장,,13,Y,유료,N,야간 미개방,900,1900,2021-10-08 09:43:10,700.0,5.0,700.0,5.0,,중구,삼각동
1429729,봉산도시자연공원 지하공용주차장(구),은평구 신사동 55-5,NW,노외 주차장,1,시간제 주차장,02-842-0224,106,Y,유료,N,야간 미개방,0,2400,2019-11-27 14:35:54,100.0,5.0,100.0,5.0,0.0,은평구,신사동
1431448,고척근린공원지하주차장(구),구로구 고척동 9-14,NW,노외 주차장,1,시간제 주차장,02-850-0920,199,Y,유료,N,야간 미개방,0,2400,2020-07-01 17:33:39,150.0,5.0,150.0,5.0,,구로구,고척동
1432682,구로4동 주택가 공동 주차장(구),구로구 구로동 741-44,NW,노외 주차장,1,시간제 주차장,02-839-4875,198,Y,유료,N,야간 미개방,0,2400,2019-06-27 09:10:33,100.0,5.0,100.0,5.0,0.0,구로구,구로동
1434175,독산4동 공영주차장(구),금천구 독산동 187-40,NW,노외 주차장,1,시간제 주차장,,63,Y,유료,N,야간 미개방,0,2400,2021-01-29 11:00:51,65.0,5.0,65.0,5.0,50000.0,금천구,독산동
1436808,가산디지털 서측(구),금천구 가산동 505-3,NW,노외 주차장,1,시간제 주차장,,160,Y,유료,N,야간 미개방,830,1900,2019-06-10 09:36:32,300.0,10.0,300.0,10.0,9000.0,금천구,가산동
1438735,나눔터길 노상공영(구),강북구 수유동 605-185,NS,노상 주차장,3,시간제 + 거주자 주차장,,1,Y,유료,N,야간 미개방,900,1900,2019-06-10 10:07:52,200.0,5.0,200.0,5.0,10000.0,강북구,수유동
1439690,수유마을시장 공영주차장(구),강북구 수유동 55-53,NW,노외 주차장,1,시간제 주차장,02-944-3053,116,Y,유료,N,야간 미개방,0,2400,2019-06-10 09:37:03,100.0,5.0,100.0,5.0,10000.0,강북구,수유동
1440586,시흥 4동 공영주차장(구),금천구 시흥동 704-56,NW,노외 주차장,3,시간제 + 거주자 주차장,,124,Y,유료,N,야간 미개방,830,1900,2019-06-10 09:36:52,65.0,5.0,65.0,5.0,,금천구,시흥동
1440587,시흥 4동 (삼성)공영주차장(구),금천구 시흥동 171-1,NW,노외 주차장,3,시간제 + 거주자 주차장,,51,Y,유료,N,야간 미개방,830,1900,2019-06-10 09:37:15,65.0,5.0,65.0,5.0,0.0,금천구,시흥동
1441342,도곡초 공영주차장(구),강남구 대치동 924-10,NW,노외 주차장,1,시간제 주차장,02-501-5921,200,Y,유료,N,야간 미개방,0,2400,2020-07-08 16:11:21,300.0,5.0,300.0,5.0,,강남구,대치동
1441348,서울놀이마당 공영주차장(구),송파구 잠실동 47-1,NW,노외 주차장,1,시간제 주차장,,17,Y,유료,N,야간 미개방,900,1800,2020-10-15 09:27:48,500.0,5.0,500.0,5.0,0.0,송파구,잠실동
1441353,신구초 공영주차장(구),강남구 신사동 550-11,NW,노외 주차장,1,시간제 주차장,02-540-6149,185,Y,유료,N,야간 미개방,0,2400,2020-07-08 16:13:37,300.0,5.0,300.0,5.0,0.0,강남구,신사동
1441365,보라매공원동문주차장(구),동작구 신대방동 395-0,NW,노외 주차장,1,시간제 주차장,,52,Y,유료,N,야간 미개방,900,2200,2019-06-10 09:36:41,100.0,5.0,100.0,5.0,0.0,동작구,신대방동
1441366,빙수골장미(구),동작구 상도동 301-132,NW,노외 주차장,1,시간제 주차장,,64,Y,유료,N,야간 미개방,0,2400,2019-06-10 09:36:41,150.0,5.0,150.0,5.0,35000.0,동작구,상도동
1441370,도산대로25길 32 공영주차장(구),강남구 신사동 564-0,NW,노외 주차장,1,시간제 주차장,02-549-0463,26,Y,유료,N,야간 미개방,900,1900,2020-07-07 18:11:57,400.0,5.0,400.0,5.0,,강남구,신사동
1441378,방이고분 공영주차장(구),송파구 방이동 125-0,NW,노외 주차장,1,시간제 주차장,02-3431-4155,61,Y,유료,N,야간 미개방,900,1800,2020-11-16 11:40:32,100.0,5.0,100.0,5.0,,송파구,방이동
1441382,가재울 공영주차장(구),노원구 하계동 252-6,NW,노외 주차장,3,시간제 + 거주자 주차장,,121,Y,유료,N,야간 미개방,0,2400,2019-06-10 09:36:45,150.0,5.0,150.0,5.0,11000.0,노원구,하계동
1441386,송파나루공원 동호주차장(구),송파구 신천동 32-0,NW,노외 주차장,1,시간제 주차장,02-424-1199,20,Y,유료,N,야간 미개방,0,0,2019-06-10 09:36:46,500.0,5.0,0.0,0.0,0.0,송파구,신천동
1441397,송파근린공원(구),송파구 송파동 113-2,NW,노외 주차장,1,시간제 주차장,02-418-3854,324,Y,유료,N,야간 미개방,0,2400,2019-06-10 09:36:48,150.0,5.0,150.0,5.0,0.0,송파구,송파동
1448767,신길6동공영(구),영등포구 신길동 3203-0,NW,노외 주차장,1,시간제 주차장,02-2677-1401,129,Y,유료,N,야간 미개방,0,2400,2020-08-11 15:23:53,50.0,5.0,50.0,5.0,0.0,영등포구,신길동
1448769,경부제3녹지공영주차장(구),영등포구 신길동 69-39,NW,노외 주차장,1,시간제 주차장,02-2677-1401,143,Y,유료,N,야간 미개방,0,2400,2020-08-07 10:52:56,100.0,5.0,100.0,5.0,0.0,영등포구,신길동
1449826,경동고(구),성북구 삼선동3가 43-1,NW,노외 주차장,1,시간제 주차장,,122,Y,유료,N,야간 미개방,0,2400,2019-06-10 09:36:53,150.0,5.0,150.0,5.0,10000.0,성북구,삼선동3가
1451403,세운상가밑(구),종로구 장사동 116-3,NS,노상 주차장,1,시간제 주차장,,1,Y,유료,N,야간 미개방,900,1900,2019-06-10 10:01:39,500.0,5.0,1000.0,10.0,0.0,종로구,장사동
1451527,광화문빌딩(구),종로구 당주동 40-9,NS,노상 주차장,1,시간제 주차장,,1,Y,유료,N,야간 미개방,1000,2200,2019-06-10 10:02:28,500.0,5.0,1000.0,10.0,0.0,종로구,당주동
1451529,광화문빌딩(구),종로구 당주동 40-9,NS,노상 주차장,1,시간제 주차장,,1,Y,유료,N,야간 미개방,1000,2200,2019-06-10 10:02:29,500.0,5.0,1000.0,10.0,0.0,종로구,당주동
1452341,관철동 공영주차장(시),종로구 관철동 13-14,NS,노상 주차장,1,시간제 주차장,02-738-0909,1,Y,유료,N,야간 미개방,900,2200,2021-10-08 10:55:24,430.0,5.0,430.0,5.0,0.0,종로구,관철동
1454028,(구)북부지법주변(구),노원구 공릉동 629-1,NS,노상 주차장,1,시간제 주차장,,1,Y,유료,N,야간 미개방,900,1900,2019-06-10 10:03:56,250.0,5.0,0.0,0.0,33000.0,노원구,공릉동
1454258,수락산디자인서울거리(구),노원구 상계동 996-2,NS,노상 주차장,1,시간제 주차장,,1,Y,유료,N,야간 미개방,900,1900,2019-06-10 10:05:46,150.0,5.0,0.0,0.0,19800.0,노원구,상계동
1473013,방이습지 노상공영주차장(구),송파구 방이동 452-4,NS,노상 주차장,5,시간제 + 버스전용 주차장,,1,Y,유료,N,야간 미개방,900,1800,2020-11-16 11:49:04,150.0,5.0,150.0,5.0,0.0,송파구,방이동
1473063,봉상시길(구),송파구 잠실동 194-4,NS,노상 주차장,1,시간제 주차장,,1,Y,유료,N,야간 미개방,900,2100,2019-06-10 10:10:28,250.0,5.0,0.0,0.0,0.0,송파구,잠실동
1473195,방이습지 노상공영주차장(구),송파구 방이동 452-12,NS,노상 주차장,1,시간제 주차장,,1,Y,유료,N,야간 미개방,900,1800,2020-11-16 11:49:31,150.0,5.0,150.0,5.0,0.0,송파구,방이동
1473680,교통공원길(C) 노상공영주차장(구),송파구 신천동 7-21,NS,노상 주차장,1,시간제 주차장,,1,Y,유료,N,야간 미개방,900,2100,2020-11-16 11:43:09,250.0,5.0,250.0,5.0,24000.0,송파구,신천동
1473749,봉상시길(구),송파구 잠실동 197-0,NS,노상 주차장,1,시간제 주차장,,1,Y,유료,N,야간 미개방,900,2100,2019-06-10 10:12:51,250.0,5.0,0.0,0.0,0.0,송파구,잠실동
1473764,교통공원길(B) 노상공영주차장(구),송파구 신천동 7-21,NS,노상 주차장,1,시간제 주차장,,1,Y,유료,N,야간 미개방,900,2100,2020-11-16 11:45:38,250.0,5.0,250.0,5.0,24000.0,송파구,신천동
1473782,봉상시길(구),송파구 잠실동 178-7,NS,노상 주차장,1,시간제 주차장,,1,Y,유료,N,야간 미개방,900,2100,2019-06-10 10:13:02,250.0,5.0,0.0,0.0,0.0,송파구,잠실동
1473899,로데오길(B) 노상공영주차장(구),송파구 문정동 3-2,NS,노상 주차장,1,시간제 주차장,,1,Y,유료,N,야간 미개방,1000,2200,2020-11-16 11:46:48,150.0,5.0,150.0,5.0,0.0,송파구,문정동
1473950,로데오길(A) 노상공영주차장(구),송파구 가락동 107-18,NS,노상 주차장,1,시간제 주차장,,1,Y,유료,N,야간 미개방,1000,2200,2020-11-16 11:46:30,150.0,5.0,150.0,5.0,0.0,송파구,가락동
1474485,로데오길(C) 노상공영주차장(구),송파구 문정동 3-2,NS,노상 주차장,1,시간제 주차장,,1,Y,유료,N,야간 미개방,1000,2200,2020-11-16 11:47:07,150.0,5.0,150.0,5.0,0.0,송파구,문정동
1474529,교통공원길(A) 노상공영주차장(구),송파구 신천동 10-2,NS,노상 주차장,1,시간제 주차장,,1,Y,유료,N,야간 미개방,900,2100,2020-11-16 11:46:00,250.0,5.0,250.0,5.0,24000.0,송파구,신천동
1475183,공유) 상도2동 170-27(구),동작구 상도동 170-13,NS,노상 주차장,2,거주자 우선 주차장,,1,Y,유료,N,야간 미개방,0,0,2019-12-23 15:53:23,0.0,0.0,0.0,0.0,0.0,동작구,상도동
1475622,성내역(잠실나루역) 공영주차장(시),송파구 신천동 11-1,NS,노상 주차장,1,시간제 주차장,,1,Y,유료,N,야간 미개방,900,1800,2021-10-07 16:39:33,250.0,5.0,250.0,5.0,,송파구,신천동
1476106,공유) 사당1동 가블럭(구),동작구 사당동 1001-37,NS,노상 주차장,2,거주자 우선 주차장,,1,Y,유료,N,야간 미개방,0,0,2019-12-23 16:55:49,0.0,0.0,0.0,0.0,0.0,동작구,사당동
1476851,공유) 대방동 주민센터앞(구),동작구 대방동 466-67 ,NS,노상 주차장,2,거주자 우선 주차장,,1,Y,유료,N,야간 미개방,0,0,2019-12-23 16:14:28,0.0,0.0,0.0,0.0,0.0,동작구,대방동
1477183,공유) 사당3동 다블럭(구),동작구 사당동 169-16 ,NS,노상 주차장,2,거주자 우선 주차장,,1,Y,유료,N,야간 미개방,0,0,2019-12-23 17:05:02,0.0,0.0,0.0,0.0,0.0,동작구,사당동
1477372,동작대교(위) 공영주차장(시),동작구 동작동 316-3,NS,노상 주차장,1,시간제 주차장,,1,Y,유료,N,야간 미개방,1300,2200,2021-10-07 16:23:17,260.0,5.0,260.0,5.0,0.0,동작구,동작동
1477731,동작갯마을(구),동작구 동작동 102-65,NS,노상 주차장,1,시간제 주차장,,1,Y,유료,N,야간 미개방,900,1900,2019-06-10 10:11:54,150.0,5.0,0.0,0.0,35000.0,동작구,동작동
1486298,삼성동제1공영(구),관악구 신림동 808-498,NS,노상 주차장,1,시간제 주차장,,1,Y,유료,N,야간 미개방,900,1900,2019-06-10 10:25:35,150.0,5.0,0.0,0.0,0.0,관악구,신림동
1486676,삼성동제1공영(구),관악구 신림동 322-2,NS,노상 주차장,1,시간제 주차장,,1,Y,유료,N,야간 미개방,900,1900,2019-06-10 10:26:04,150.0,5.0,0.0,0.0,0.0,관악구,신림동
1487080,낙성대제2공영(구),관악구 봉천동 220-8,NS,노상 주차장,1,시간제 주차장,,1,Y,유료,N,야간 미개방,900,1900,2019-06-10 10:24:36,150.0,5.0,0.0,0.0,0.0,관악구,봉천동
1487210,낙성대제1공영(구),관악구 봉천동 1627-12,NS,노상 주차장,1,시간제 주차장,,1,Y,유료,N,야간 미개방,900,1900,2019-06-10 10:24:58,150.0,5.0,0.0,0.0,0.0,관악구,봉천동
1487262,신림동제2공영(구),관악구 신림동 1472-4,NS,노상 주차장,1,시간제 주차장,,1,Y,유료,N,야간 미개방,1000,2000,2020-11-04 11:17:35,250.0,5.0,0.0,0.0,0.0,관악구,신림동
1487279,서원동제1공영(구),관악구 신림동 1642-7,NS,노상 주차장,1,시간제 주차장,,1,Y,유료,N,야간 미개방,1100,2100,2019-06-10 10:25:13,250.0,5.0,0.0,0.0,0.0,관악구,신림동
1491380,공유) 151-100(구),강남구 삼성동 111-57,NS,노상 주차장,2,거주자 우선 주차장,,1,Y,유료,N,야간 미개방,0,0,2019-10-11 10:41:17,0.0,0.0,0.0,0.0,0.0,강남구,삼성동
1495130,선릉로146길(구),강남구 청담동 77-27,NS,노상 주차장,1,시간제 주차장,,1,Y,유료,N,야간 미개방,1000,2000,2019-11-28 11:33:03,400.0,5.0,800.0,5.0,30000.0,강남구,청담동
1495317,논현로28길(구),강남구 도곡동 524-0,NS,노상 주차장,1,시간제 주차장,,1,Y,유료,N,야간 미개방,900,1900,2019-09-20 20:35:23,300.0,5.0,600.0,5.0,24000.0,강남구,도곡동
1495470,대치동507-3(구),강남구 대치동 507-3,NS,노상 주차장,1,시간제 주차장,,1,Y,유료,N,야간 미개방,900,1900,2019-09-10 20:35:00,300.0,5.0,600.0,5.0,24000.0,강남구,대치동
1495635,선릉로132길(구),강남구 청담동 77-84,NS,노상 주차장,1,시간제 주차장,,1,Y,유료,N,야간 미개방,900,1900,2019-09-20 20:39:58,400.0,5.0,800.0,5.0,30000.0,강남구,청담동
1496178,강남대로150길(구),강남구 논현동 280-1,NS,노상 주차장,1,시간제 주차장,02-1544-3113,1,Y,유료,N,야간 미개방,1000,2000,2021-03-18 11:04:10,400.0,5.0,800.0,5.0,,강남구,논현동
1496246,동호대교(남) 공영주차장(시),강남구 압구정동 435-0,NS,노상 주차장,1,시간제 주차장,,1,Y,유료,N,야간 미개방,900,1900,2021-10-07 16:36:27,170.0,5.0,170.0,5.0,0.0,강남구,압구정동
1496816,대치유수지(구),강남구 대치동 78-29,NS,노상 주차장,1,시간제 주차장,,1,Y,유료,N,야간 미개방,900,1900,2019-09-10 20:41:48,200.0,5.0,400.0,5.0,16000.0,강남구,대치동
1496832,개봉1동노상(구),구로구 개봉동 416-285,NS,노상 주차장,1,시간제 주차장,,1,Y,유료,N,야간 미개방,900,1800,2019-06-10 10:18:21,100.0,5.0,0.0,0.0,0.0,구로구,개봉동
1499771,대림역2 공영주차장(시),구로구 구로동 73-9,NS,노상 주차장,1,시간제 주차장,,1,Y,유료,N,야간 미개방,900,1900,2021-10-07 15:24:44,260.0,5.0,260.0,5.0,0.0,구로구,구로동
1499959,가마산고가밑 공영주차장(시),구로구 구로동 414-13,NS,노상 주차장,1,시간제 주차장,,1,Y,유료,N,야간 미개방,900,1900,2021-10-07 15:26:40,120.0,5.0,120.0,5.0,0.0,구로구,구로동
1503968,등촌3동 구암길(구),강서구 등촌동 695-0,NS,노상 주차장,1,시간제 주차장,02-2607-9113,1,Y,유료,N,야간 미개방,900,1900,2019-06-10 10:42:07,250.0,5.0,250.0,5.0,10000.0,강서구,등촌동
1503977,가양3동 황금내공원길(구),강서구 가양동 1485-0,NS,노상 주차장,1,시간제 주차장,02-2607-9113,1,Y,유료,N,야간 미개방,900,1900,2019-06-10 10:42:11,100.0,5.0,100.0,5.0,5000.0,강서구,가양동
1504108,등촌3동 꿈나무길(구),강서구 등촌동 701-0,NS,노상 주차장,1,시간제 주차장,02-2607-9113,1,Y,유료,N,야간 미개방,900,1900,2019-06-10 10:43:03,250.0,5.0,250.0,5.0,10000.0,강서구,등촌동
1504401,방신시장 고객주차장(구),강서구 방화동 858-0,NS,노상 주차장,1,시간제 주차장,02-2666-4080,1,Y,유료,N,야간 미개방,900,1900,2019-06-10 10:45:49,250.0,5.0,0.0,0.0,0.0,강서구,방화동
1505140,망원 유료 주차장(구),마포구 망원동 394-79,NS,노상 주차장,1,시간제 주차장,,1,Y,유료,N,야간 미개방,900,1900,2019-06-10 10:36:09,150.0,5.0,150.0,5.0,0.0,마포구,망원동
1505286,경남 공영주차장(구),마포구 서교동 376-5,NS,노상 주차장,1,시간제 주차장,,1,Y,유료,N,야간 미개방,1100,2100,2019-06-10 10:37:54,250.0,5.0,250.0,5.0,0.0,마포구,서교동
1505392,새물결 노상 공영주차장(구),마포구 동교동 165-1,NS,노상 주차장,1,시간제 주차장,,1,Y,유료,N,야간 미개방,1200,2300,2019-06-10 10:39:10,400.0,5.0,400.0,5.0,0.0,마포구,동교동
1505475,동교동 노상 공영주차장(구),마포구 서교동 332-1,NS,노상 주차장,1,시간제 주차장,,1,Y,유료,N,야간 미개방,1200,2300,2019-06-10 10:39:12,400.0,5.0,400.0,5.0,0.0,마포구,서교동
1506990,당인 유료 주차장(구),마포구 합정동 362-1,NS,노상 주차장,1,시간제 주차장,,1,Y,유료,N,야간 미개방,1100,2100,2019-06-10 10:33:47,300.0,5.0,300.0,5.0,0.0,마포구,합정동
1509383,대림상가노상공영주차장(구),중구 산림동 174-0 0,NS,노상 주차장,1,시간제 주차장,02)2280-8363,1,Y,유료,N,야간 미개방,900,2000,2019-06-10 10:38:34,500.0,5.0,500.0,5.0,0.0,중구,산림동
1509565,배오개길 공영주차장(시),중구 예관동 22-1,NS,노상 주차장,1,시간제 주차장,,1,Y,유료,N,야간 미개방,900,1900,2021-10-08 14:40:11,680.0,5.0,680.0,5.0,,중구,예관동
1509638,국립의료원옆 노상공영주차장(구),중구 을지로6가 18-79 0,NS,노상 주차장,1,시간제 주차장,02)2280-8367,1,Y,유료,N,야간 미개방,800,2200,2019-06-10 10:26:20,350.0,5.0,350.0,5.0,0.0,중구,을지로6가
1510533,맑은내길 노상공영주차장(구),중구 신당동 213-0 0,NS,노상 주차장,1,시간제 주차장,02)2280-8367,1,Y,유료,N,야간 미개방,0,2400,2019-06-10 10:31:02,500.0,5.0,500.0,5.0,0.0,중구,신당동
1510538,남평화시장앞 노상공영주차장(구),중구 신당동 779-0 0,NS,노상 주차장,1,시간제 주차장,02)2280-8367,1,Y,유료,N,야간 미개방,0,2400,2019-06-10 10:31:04,500.0,5.0,500.0,5.0,0.0,중구,신당동
1510828,다동쉼터 노상공영주차장(구),중구 다동 46-0 0,NS,노상 주차장,1,시간제 주차장,,1,Y,유료,N,야간 미개방,800,2200,2019-06-10 10:32:54,600.0,5.0,600.0,5.0,0.0,중구,다동
1511118,마른내길 공영주차장(시),중구 인현동1가 87-10,NS,노상 주차장,1,시간제 주차장,,1,Y,유료,N,야간 미개방,900,1900,2021-10-08 14:39:12,680.0,5.0,680.0,5.0,0.0,중구,인현동1가
1511151,남대문 화물 공영주차장(시),중구 남대문로4가 24-1,NS,노상 주차장,1,시간제 주차장,,1,Y,유료,N,야간 미개방,900,1900,2021-10-07 16:50:28,400.0,5.0,400.0,5.0,,중구,남대문로4가
1511243,삼풍상가 노상 공영주차장(구),중구 인현동2가 56-0 0,NS,노상 주차장,1,시간제 주차장,02)2280-8367,1,Y,유료,N,야간 미개방,900,2000,2019-06-10 10:37:09,500.0,5.0,500.0,5.0,0.0,중구,인현동2가
1511637,국제화재빌딩옆 노상 공영주차장(구),중구 남대문로5가 145-0 0,NS,노상 주차장,1,시간제 주차장,02)3789-7756,1,Y,유료,N,야간 미개방,700,2100,2019-06-10 10:40:17,500.0,5.0,500.0,5.0,0.0,중구,남대문로5가
1511731,뉴국제호텔 앞 노상 공영주차장(구),중구 태평로1가 18-0 0,NS,노상 주차장,1,시간제 주차장,02)842-0024,1,Y,유료,N,야간 미개방,800,2200,2019-06-10 10:41:04,600.0,5.0,600.0,5.0,0.0,중구,태평로1가
1511779,남산케이블카 공영주차장(시),중구 회현동1가 1-19,NS,노상 주차장,1,시간제 주차장,,1,Y,유료,N,야간 미개방,900,2100,2021-10-08 09:35:54,330.0,5.0,330.0,5.0,0.0,중구,회현동1가
1512185,남산소파길 공영주차장(시),중구 예장동 8-172,NS,노상 주차장,1,시간제 주차장,,1,Y,유료,N,야간 미개방,900,2100,2021-10-08 10:53:42,250.0,5.0,250.0,5.0,0.0,중구,예장동
1513331,송림 기사식당길 공영주차장(구),광진구 자양동 794-0,NS,노상 주차장,1,시간제 주차장,,1,Y,유료,N,야간 미개방,900,1800,2019-06-10 10:31:22,200.0,5.0,400.0,10.0,0.0,광진구,자양동
1513624,신성시장길노상공영주차장(구),광진구 구의동 558-11,NS,노상 주차장,1,시간제 주차장,,1,Y,유료,N,야간 미개방,900,1800,2019-06-10 10:58:11,250.0,5.0,250.0,5.0,0.0,광진구,구의동
1513786,신성시장길공영노상주차장(구),광진구 중곡동 83-23,NS,노상 주차장,1,시간제 주차장,,1,Y,유료,N,야간 미개방,900,1800,2019-06-10 10:58:15,250.0,5.0,250.0,5.0,0.0,광진구,중곡동
1515727,신성시장길공영노상주차장(구),광진구 중곡동 88-21,NS,노상 주차장,1,시간제 주차장,02-456-2591,1,Y,유료,N,야간 미개방,900,1800,2019-06-10 10:57:25,250.0,5.0,250.0,5.0,0.0,광진구,중곡동
1515927,송림기사식당길(B) 공영주차장(구),광진구 자양동 601-9,NS,노상 주차장,1,시간제 주차장,02-2049-4540,1,Y,유료,N,야간 미개방,900,1800,2019-06-10 10:57:35,200.0,5.0,200.0,5.0,0.0,광진구,자양동
1515930,송림 기사식당길 공영주차장(구),광진구 자양동 227-1,NS,노상 주차장,1,시간제 주차장,,1,Y,유료,N,야간 미개방,900,1800,2019-06-10 10:57:37,200.0,5.0,200.0,5.0,0.0,광진구,자양동
1520881,공유) 주양쇼핑옆 주차장(구),강동구 명일동 47-21,NS,노상 주차장,3,시간제 + 거주자 주차장,,1,Y,유료,N,야간 미개방,900,1900,2019-11-05 10:50:29,250.0,5.0,250.0,5.0,0.0,강동구,명일동
1522153,공유) 주양쇼핑앞 주차장(구),강동구 명일동 48-26 ,NS,노상 주차장,2,거주자 우선 주차장,,1,Y,유료,N,야간 미개방,0,0,2019-11-05 10:53:34,0.0,0.0,0.0,0.0,0.0,강동구,명일동
1523431,공유) 15-가600구간(구),강동구 성내동 583-0,NS,노상 주차장,2,거주자 우선 주차장,,1,Y,유료,N,야간 미개방,0,0,2019-11-05 10:43:51,0.0,0.0,0.0,0.0,0.0,강동구,성내동
1523441,거주자우선주차장(구),강동구 성내동 540-0,NS,노상 주차장,3,시간제 + 거주자 주차장,,1,Y,유료,N,야간 미개방,900,1900,2019-06-10 10:53:44,250.0,5.0,250.0,5.0,0.0,강동구,성내동
1524244,서부간선도로(구),금천구 가산동 557-4,NS,노상 주차장,1,시간제 주차장,,1,Y,유료,N,야간 미개방,830,1900,2019-06-10 10:50:53,250.0,5.0,0.0,0.0,15000.0,금천구,가산동
1524977,사조냉장-무등실업(구),금천구 독산동 303-2,NS,노상 주차장,1,시간제 주차장,,1,Y,유료,N,야간 미개방,830,1900,2019-06-10 10:53:22,250.0,5.0,0.0,0.0,15000.0,금천구,독산동
1525163,SJ테크노빌(구),금천구 가산동 60-19,NS,노상 주차장,1,시간제 주차장,,1,Y,유료,N,야간 미개방,830,1900,2019-06-10 10:53:55,250.0,5.0,0.0,0.0,15000.0,금천구,가산동
1525172,가산동 금천교 공영주차장(시),금천구 가산동 691-3,NS,노상 주차장,1,시간제 주차장,,1,Y,유료,N,야간 미개방,900,1900,2021-10-07 15:29:15,200.0,5.0,200.0,5.0,0.0,금천구,가산동
1525739,두산공원A~B(구),금천구 가산동 153-18,NS,노상 주차장,1,시간제 주차장,,1,Y,유료,N,야간 미개방,800,1900,2019-06-10 10:56:17,500.0,10.0,500.0,10.0,15000.0,금천구,가산동
1525836,두산공원A~B(구),금천구 독산동 298-1,NS,노상 주차장,1,시간제 주차장,,1,Y,유료,N,야간 미개방,800,1900,2019-06-10 10:56:35,500.0,10.0,500.0,10.0,15000.0,금천구,독산동
1525874,세일철강~LG전자연구소(구),금천구 가산동 319-15,NS,노상 주차장,1,시간제 주차장,,1,Y,유료,N,야간 미개방,800,1900,2019-06-10 10:56:39,500.0,10.0,500.0,10.0,15000.0,금천구,가산동
1525889,가산중뒤(구),금천구 독산동 300-21,NS,노상 주차장,1,시간제 주차장,,1,Y,유료,N,야간 미개방,830,1900,2020-11-06 16:08:38,250.0,5.0,0.0,0.0,15000.0,금천구,독산동
1525943,만승뒤(협동봉제조합)(구),금천구 가산동 139-31,NS,노상 주차장,1,시간제 주차장,,1,Y,유료,N,야간 미개방,830,1900,2019-06-10 10:50:38,250.0,5.0,0.0,0.0,15000.0,금천구,가산동
1525963,가산중앞(구),금천구 독산동 300-26,NS,노상 주차장,1,시간제 주차장,,1,Y,유료,N,야간 미개방,830,1900,2019-06-10 10:50:39,250.0,5.0,0.0,0.0,15000.0,금천구,독산동
1526388,기륭전자(구),금천구 가산동 219-7,NS,노상 주차장,1,시간제 주차장,,1,Y,유료,N,야간 미개방,830,1900,2019-06-10 10:51:35,250.0,5.0,0.0,0.0,15000.0,금천구,가산동
1526488,가산디지털환승(구),금천구 가산동 35-2,NS,노상 주차장,1,시간제 주차장,,1,Y,유료,N,야간 미개방,830,1900,2019-06-10 10:51:48,150.0,5.0,0.0,0.0,10000.0,금천구,가산동
1526548,삼환아파트(구),금천구 독산동 1004-6,NS,노상 주차장,1,시간제 주차장,,1,Y,유료,N,야간 미개방,830,1900,2019-06-10 10:52:08,250.0,5.0,0.0,0.0,15000.0,금천구,독산동
1526780,BYC(구),금천구 가산동 371-57,NS,노상 주차장,1,시간제 주차장,,1,Y,유료,N,야간 미개방,800,1900,2019-06-10 10:53:01,500.0,10.0,500.0,10.0,15000.0,금천구,가산동
1526868,국도화학(구),금천구 가산동 345-26,NS,노상 주차장,1,시간제 주차장,,1,Y,유료,N,야간 미개방,800,1900,2019-06-10 10:53:07,500.0,10.0,500.0,10.0,15000.0,금천구,가산동
1526922,덕성엔앰피(구),금천구 가산동 345-15,NS,노상 주차장,1,시간제 주차장,,1,Y,유료,N,야간 미개방,830,1900,2019-06-10 10:53:32,250.0,5.0,0.0,0.0,15000.0,금천구,가산동
1527038,LG텔레콤(구),금천구 가산동 60-36,NS,노상 주차장,1,시간제 주차장,,1,Y,유료,N,야간 미개방,830,1900,2019-06-10 10:53:59,250.0,5.0,0.0,0.0,15000.0,금천구,가산동
1527424,독산동 금천교 공영주차장(시),금천구 독산동 181-4,NS,노상 주차장,1,시간제 주차장,,1,Y,유료,N,야간 미개방,900,1900,2021-10-07 15:34:15,400.0,5.0,400.0,5.0,0.0,금천구,독산동
1527514,공유) 가산동 01-51구역(구),금천구 가산동 4-2 ,NS,노상 주차장,2,거주자 우선 주차장,,1,Y,유료,N,야간 미개방,0,0,2020-02-24 10:49:43,0.0,0.0,0.0,0.0,0.0,금천구,가산동
1527891,범일운수~신세계물류센터(구),금천구 독산동 1001-2,NS,노상 주차장,1,시간제 주차장,,1,Y,유료,N,야간 미개방,800,1900,2019-06-10 10:56:50,500.0,10.0,500.0,10.0,15000.0,금천구,독산동
1530090,방배중앙로 노상공영주차장(구),서초구 방배동 760-3,NS,노상 주차장,1,시간제 주차장,,1,Y,유료,N,야간 미개방,1000,2000,2019-06-10 11:17:28,250.0,5.0,500.0,10.0,0.0,서초구,방배동
1531733,공유) 3-66(구),서초구 서초동 1741-3,NS,노상 주차장,2,거주자 우선 주차장,,1,Y,유료,N,야간 미개방,0,0,2019-10-11 10:58:40,0.0,0.0,0.0,0.0,0.0,서초구,서초동
1532383,방배복개도로 제1지역 노상공영주차장(구),서초구 방배동 443-1,NS,노상 주차장,1,시간제 주차장,,1,Y,유료,N,야간 미개방,1000,2300,2020-08-21 14:06:31,500.0,10.0,500.0,10.0,0.0,서초구,방배동
1532458,방배복개도로 제2지역 노상공영주차장(구),서초구 방배동 439-1,NS,노상 주차장,1,시간제 주차장,,1,Y,유료,N,야간 미개방,1000,2300,2020-08-21 14:41:49,250.0,5.0,500.0,10.0,0.0,서초구,방배동
1532482,방배중앙로 노상공영주차장(구),서초구 방배동 760-3,NS,노상 주차장,1,시간제 주차장,,1,Y,유료,N,야간 미개방,1000,2000,2019-06-10 11:16:22,250.0,5.0,500.0,10.0,0.0,서초구,방배동
1533237,뚝도시장(구),성동구 성수동2가 335-60,NS,노상 주차장,1,시간제 주차장,02-461-0484,1,Y,유료,N,야간 미개방,900,1900,2019-06-10 11:11:06,250.0,5.0,500.0,10.0,10000.0,성동구,성수동2가
1535945,거주자우선주차장(구),성동구 마장동 494-0,NS,노상 주차장,1,시간제 주차장,,1,Y,유료,N,야간 미개방,900,1900,2019-06-10 11:14:02,250.0,5.0,250.0,5.0,10000.0,성동구,마장동
1535957,마장동거주자우선주차장(구),성동구 마장동 812-0,NS,노상 주차장,1,시간제 주차장,,1,Y,유료,N,야간 미개방,900,1800,2019-06-10 11:14:05,250.0,5.0,250.0,5.0,10000.0,성동구,마장동
1535968,마장축산물시장 남문(구),성동구 마장동 805-0,NS,노상 주차장,1,시간제 주차장,,1,Y,유료,N,야간 미개방,900,1900,2019-06-10 11:14:09,250.0,5.0,250.0,5.0,10000.0,성동구,마장동
1537855,마장축산물시장 현대아파트 앞 노상공영주차(구),성동구 마장동 84-0,NS,노상 주차장,1,시간제 주차장,,1,Y,유료,N,야간 미개방,900,1900,2019-06-10 11:07:06,250.0,5.0,250.0,5.0,10000.0,성동구,마장동
1538410,신월1동저지복개1구역(구),양천구 신월동 228-1,NS,노상 주차장,1,시간제 주차장,02-2698-1386,1,Y,유료,N,야간 미개방,900,1900,2019-06-10 11:10:25,150.0,5.0,300.0,10.0,9000.0,양천구,신월동
1538733,성수역 3번출구 앞(구),성동구 성수동2가 276-5,NS,노상 주차장,1,시간제 주차장,02-2204-7970,1,Y,유료,N,야간 미개방,900,1800,2021-08-20 13:37:22,250.0,5.0,250.0,5.0,10000.0,성동구,성수동2가
1539735,신월5동복개주차장(구),양천구 신월동 53-2,NS,노상 주차장,1,시간제 주차장,,1,Y,유료,N,야간 미개방,900,1900,2019-06-10 11:07:45,150.0,5.0,300.0,10.0,0.0,양천구,신월동
1539856,법안정사(구),양천구 목동 907-1,NS,노상 주차장,1,시간제 주차장,,1,Y,유료,N,야간 미개방,900,2100,2019-06-10 11:08:29,250.0,5.0,250.0,5.0,0.0,양천구,목동
1540938,부영그린(구),양천구 목동 908-35,NS,노상 주차장,1,시간제 주차장,,1,Y,유료,N,야간 미개방,800,2100,2019-06-10 11:04:02,250.0,5.0,250.0,5.0,0.0,양천구,목동
1541238,교보생명옆 노상주차장(구),영등포구 당산동2가 21-26,NS,노상 주차장,3,시간제 + 거주자 주차장,02-2650-1436,1,Y,유료,N,야간 미개방,900,1900,2019-06-10 11:05:24,250.0,5.0,300.0,10.0,15000.0,영등포구,당산동2가
1541383,경남아파트 앞 노상주차장(구),영등포구 당산동3가 56-0,NS,노상 주차장,3,시간제 + 거주자 주차장,02-2650-1436,1,Y,유료,N,야간 미개방,900,1900,2019-06-10 11:05:43,100.0,5.0,200.0,10.0,6000.0,영등포구,당산동3가
1541550,곰달래로5길 노상(구),양천구 신월동 126-36,NS,노상 주차장,1,시간제 주차장,02-2698-1386,1,Y,유료,N,야간 미개방,900,1900,2019-06-10 11:06:09,150.0,5.0,300.0,10.0,9000.0,양천구,신월동
1543207,동문굿모닝탑 옆(구),양천구 신정동 324-3,NS,노상 주차장,1,시간제 주차장,,1,Y,유료,N,야간 미개방,900,1900,2019-06-10 11:02:35,150.0,5.0,150.0,5.0,0.0,양천구,신정동
1543403,동문굿모닝탑 옆(구),양천구 신정동 324-3,NS,노상 주차장,1,시간제 주차장,,1,Y,유료,N,야간 미개방,900,1900,2019-06-10 11:03:31,150.0,5.0,150.0,5.0,0.0,양천구,신정동
1543471,공유) 당산1동거주자우선주차장(구),영등포구 당산동3가 76-1 ,NS,노상 주차장,2,거주자 우선 주차장,,1,Y,유료,N,야간 미개방,0,0,2019-12-26 17:48:32,0.0,0.0,0.0,0.0,0.0,영등포구,당산동3가
1543692,경남아파트 앞 노상주차장(구),영등포구 영등포동7가 56-0,NS,노상 주차장,3,시간제 + 거주자 주차장,02-2650-1436,1,Y,유료,N,야간 미개방,900,1900,2019-06-10 11:05:09,100.0,5.0,200.0,10.0,6000.0,영등포구,영등포동7가
1543911,교보생명 앞 노상주차장(구),영등포구 양평동1가 71-0,NS,노상 주차장,3,시간제 + 거주자 주차장,02-2650-1436,1,Y,유료,N,야간 미개방,900,1900,2019-06-10 11:05:55,250.0,5.0,500.0,10.0,15000.0,영등포구,양평동1가
1543934,신월1동저지복개2구역(구),양천구 신월동 90-1,NS,노상 주차장,1,시간제 주차장,02-2698-1386,1,Y,유료,N,야간 미개방,900,1900,2019-06-10 11:06:12,150.0,5.0,300.0,10.0,9000.0,양천구,신월동
1544029,렉싱턴호텔뒤 노상주차장(구),영등포구 여의도동 13-0,NS,노상 주차장,1,시간제 주차장,02-2650-1436,1,Y,유료,N,야간 미개방,900,1900,2020-09-09 16:36:02,500.0,5.0,1000.0,10.0,36000.0,영등포구,여의도동
1544062,대신시장 노상주차장(구),영등포구 신길동 116-15,NS,노상 주차장,3,시간제 + 거주자 주차장,02-2650-1436,1,Y,유료,N,야간 미개방,900,1900,2020-09-10 11:19:43,100.0,5.0,200.0,10.0,6000.0,영등포구,신길동
1544141,삼환아파트 앞 노상주차장(구),영등포구 문래동4가 41-0,NS,노상 주차장,3,시간제 + 거주자 주차장,02-2650-1436,1,Y,유료,N,야간 미개방,900,1900,2019-06-10 11:07:01,250.0,5.0,500.0,10.0,15000.0,영등포구,문래동4가
1544310,벽산디지털밸리앞 노상주차장(구),영등포구 문래동5가 5-0,NS,노상 주차장,3,시간제 + 거주자 주차장,02-2650-1436,1,Y,유료,N,야간 미개방,900,1900,2019-06-10 11:07:38,500.0,5.0,500.0,10.0,15000.0,영등포구,문래동5가
1544724,동아빌딩앞 노상주차장(구),영등포구 여의도동 14-0,NS,노상 주차장,1,시간제 주차장,02-2650-1436,1,Y,유료,N,야간 미개방,900,1900,2020-09-09 16:35:10,500.0,5.0,1000.0,10.0,36000.0,영등포구,여의도동
1544790,당산고가밑 공영주차장(시),영등포구 당산동5가 9-15,NS,노상 주차장,1,시간제 주차장,,1,Y,유료,N,야간 미개방,900,1900,2021-10-07 15:37:33,260.0,5.0,260.0,5.0,,영등포구,당산동5가
1544791,국민일보사옥앞 노상주차장(구),영등포구 여의도동 12-0,NS,노상 주차장,1,시간제 주차장,02-2650-1436,1,Y,유료,N,야간 미개방,900,1900,2020-09-09 16:34:25,500.0,5.0,1000.0,10.0,36000.0,영등포구,여의도동
1544828,세우빌딩앞 노상주차장(구),영등포구 여의도동 10-0,NS,노상 주차장,1,시간제 주차장,02-2650-1436,1,Y,유료,N,야간 미개방,900,1900,2020-09-09 16:38:15,500.0,5.0,1000.0,10.0,36000.0,영등포구,여의도동
1546329,대림역 공영주차장(시),영등포구 대림동 808-24,NS,노상 주차장,1,시간제 주차장,,1,Y,유료,N,야간 미개방,900,1900,2020-06-03 17:22:50,260.0,5.0,260.0,5.0,0.0,영등포구,대림동
1546992,성애병원 앞 노상주차장(구),영등포구 신길동 451-2,NS,노상 주차장,1,시간제 주차장,02-2650-1436,1,Y,유료,N,야간 미개방,900,1900,2020-09-10 11:11:50,250.0,5.0,500.0,10.0,0.0,영등포구,신길동
1547900,삼각지역(구),용산구 한강로1가 138-0,NS,노상 주차장,1,시간제 주차장,02-749-5314,1,Y,유료,N,야간 미개방,1130,2130,2019-06-10 11:23:15,250.0,5.0,250.0,5.0,0.0,용산구,한강로1가
1548667,경호빌딩앞 노상주차장(구),영등포구 여의도동 25-0,NS,노상 주차장,1,시간제 주차장,02-2650 -1436,1,Y,유료,N,야간 미개방,900,1900,2020-09-09 16:32:43,500.0,5.0,1000.0,10.0,36000.0,영등포구,여의도동
1550837,문래동주민센터 앞 노상주차장(구),영등포구 문래동3가 55-16,NS,노상 주차장,3,시간제 + 거주자 주차장,02-2650-1436,1,Y,유료,N,야간 미개방,900,1900,2019-06-10 11:23:03,500.0,10.0,500.0,10.0,15000.0,영등포구,문래동3가
1550852,KBS본관 앞 노상주차장(구),영등포구 여의도동 1-7,NS,노상 주차장,1,시간제 주차장,02-2650-1436,1,Y,유료,N,야간 미개방,900,1900,2020-09-09 17:09:07,500.0,5.0,1000.0,10.0,36000.0,영등포구,여의도동
1550854,도림고가 노상주차장(구),영등포구 문래동1가 39-1,NS,노상 주차장,3,시간제 + 거주자 주차장,02-2650-1436,1,Y,유료,N,야간 미개방,900,1900,2020-09-09 18:15:48,100.0,5.0,200.0,10.0,,영등포구,문래동1가
1550943,KBS별관옆 노상주차장(구),영등포구 여의도동 4-4,NS,노상 주차장,1,시간제 주차장,02-2650-1436,1,Y,유료,N,야간 미개방,900,1900,2020-09-09 16:09:41,500.0,5.0,1000.0,10.0,36000.0,영등포구,여의도동
1551083,MBC방송국뒤 노상주차장(구),영등포구 여의도동 3-1,NS,노상 주차장,1,시간제 주차장,02-2650-1436,1,Y,유료,N,야간 미개방,900,1900,2020-09-09 18:04:22,500.0,5.0,1000.0,10.0,36000.0,영등포구,여의도동
1551111,교보생명 앞 노상주차장(구),영등포구 당산동2가 71-0,NS,노상 주차장,3,시간제 + 거주자 주차장,02-2650-1436,1,Y,유료,N,야간 미개방,900,1900,2019-06-10 11:23:58,250.0,5.0,500.0,10.0,15000.0,영등포구,당산동2가
1551203,국민은행앞 노상주차장(구),영등포구 여의도동 15-22,NS,노상 주차장,1,시간제 주차장,02-2650-1436,1,Y,유료,N,야간 미개방,900,1900,2020-09-09 16:33:01,500.0,5.0,1000.0,10.0,36000.0,영등포구,여의도동
1551657,롯데캐슬앞 노상주차장(구),영등포구 여의도동 36-0,NS,노상 주차장,1,시간제 주차장,02-2650-1436,1,Y,유료,N,야간 미개방,900,1900,2020-09-09 16:36:43,500.0,5.0,1000.0,10.0,36000.0,영등포구,여의도동
1551667,산업은행앞 노상주차장(구),영등포구 여의도동 16-0,NS,노상 주차장,1,시간제 주차장,02-2650-1436,1,Y,유료,N,야간 미개방,900,1900,2020-09-09 16:37:34,500.0,5.0,500.0,5.0,36000.0,영등포구,여의도동
1551769,경도상가앞 노상주차장(구),영등포구 여의도동 44-0,NS,노상 주차장,1,시간제 주차장,02-2650-1436,1,Y,유료,N,야간 미개방,900,1900,2020-09-09 16:31:52,500.0,5.0,1000.0,10.0,36000.0,영등포구,여의도동
1553274,상봉복개(구),중랑구 상봉동 399-4,NS,노상 주차장,1,시간제 주차장,02-2272-8821,1,Y,유료,N,야간 미개방,900,1900,2021-07-06 11:17:10,400.0,5.0,400.0,5.0,0.0,중랑구,상봉동
1554337,매화공영주차장(구),중랑구 상봉동 85-41,NS,노상 주차장,1,시간제 주차장,02-438-7210,1,Y,유료,N,야간 미개방,900,1900,2019-06-10 11:27:56,250.0,5.0,250.0,5.0,0.0,중랑구,상봉동
1555987,맛솜씨공영주차장(구),중랑구 망우동 490-21,NS,노상 주차장,1,시간제 주차장,,1,Y,유료,N,야간 미개방,900,1900,2019-06-10 11:20:49,250.0,5.0,250.0,5.0,0.0,중랑구,망우동
1557268,묵중안공영주차장(구),중랑구 중화동 250-39,NS,노상 주차장,3,시간제 + 거주자 주차장,,1,Y,유료,N,야간 미개방,900,1900,2019-06-10 11:18:58,250.0,5.0,250.0,5.0,0.0,중랑구,중화동
1557841,동부갯 공영주차장(구),중랑구 신내동 487-1,NS,노상 주차장,1,시간제 주차장,02-438-7209,1,Y,유료,N,야간 미개방,900,1900,2019-06-10 11:20:02,250.0,5.0,250.0,5.0,0.0,중랑구,신내동
1557908,나들목공영주차장(구),중랑구 중화동 304-36,NS,노상 주차장,3,시간제 + 거주자 주차장,02-438-7210,1,Y,유료,N,야간 미개방,900,1900,2019-06-10 11:20:04,250.0,5.0,250.0,5.0,0.0,중랑구,중화동
1562731,KBS연구관앞 노상주차장(구),영등포구 여의도동 1-876,NS,노상 주차장,1,시간제 주차장,02-2650-1436,1,Y,유료,N,야간 미개방,900,1900,2020-09-09 17:56:45,500.0,5.0,1000.0,10.0,36000.0,영등포구,여의도동
1563320,KBS별관뒤 노상주차장(구),영등포구 여의도동 4-5,NS,노상 주차장,1,시간제 주차장,02-2650-1436,1,Y,유료,N,야간 미개방,900,1900,2020-09-09 16:03:10,500.0,5.0,500.0,5.0,36000.0,영등포구,여의도동
1563368,미래에셋빌딩 앞 노상주차장(구),영등포구 여의도동 45-0,NS,노상 주차장,1,시간제 주차장,02-2650-1436,1,Y,유료,N,야간 미개방,900,1900,2019-06-10 11:21:03,500.0,5.0,1000.0,10.0,20000.0,영등포구,여의도동
1563769,가든예식장 앞 노상주차장(구),영등포구 여의도동 45-1,NS,노상 주차장,1,시간제 주차장,02-2650-1436,1,Y,유료,N,야간 미개방,900,1900,2019-06-10 11:21:35,1000.0,10.0,1000.0,10.0,20000.0,영등포구,여의도동
1564334,문래1동 공영주차장(시),영등포구 문래동3가 54-12,NS,노상 주차장,1,시간제 주차장,,1,Y,유료,N,야간 미개방,900,1900,2021-10-07 16:08:21,130.0,5.0,130.0,5.0,,영등포구,문래동3가
1564603,도산대로45길(구),강남구 신사동 668-23 도산공원 앞길,NS,노상 주차장,1,시간제 주차장,02-2176-0566,1,Y,유료,N,야간 미개방,1000,2000,2019-11-29 11:12:53,400.0,5.0,800.0,5.0,30000.0,강남구,신사동
1565371,공유) 노량진2동 나블럭(구),동작구 노량진동 47-2,NS,노상 주차장,2,거주자 우선 주차장,,1,Y,유료,N,야간 미개방,0,0,2019-12-27 11:32:29,0.0,0.0,0.0,0.0,0.0,동작구,노량진동
1566303,삼청공원앞(구),종로구 삼청동 25-11,NS,노상 주차장,1,시간제 주차장,,1,Y,유료,N,야간 미개방,900,2100,2019-06-10 11:36:44,250.0,5.0,500.0,10.0,0.0,종로구,삼청동
1567063,남대문피혁상가 남측 노상 공영주차장(구),중구 봉래동1가 83-0 0,NS,노상 주차장,1,시간제 주차장,02)2280-8365,1,Y,유료,N,야간 미개방,800,2200,2019-06-10 11:33:02,500.0,5.0,500.0,5.0,0.0,중구,봉래동1가
1570796,방화로 공영주차장(시),강서구 공항동 796-0,NS,노상 주차장,1,시간제 주차장,,1,Y,유료,N,야간 미개방,900,1800,2021-10-07 13:56:59,120.0,5.0,120.0,5.0,0.0,강서구,공항동
1572855,KT성수분국 앞(구),성동구 성수동2가 277-43,NS,노상 주차장,1,시간제 주차장,,1,Y,유료,N,야간 미개방,900,1800,2021-08-20 11:29:06,250.0,5.0,250.0,5.0,10000.0,성동구,성수동2가
1575002,노원세무서 앞 공영주차장(구),도봉구 창동 15-0,NS,노상 주차장,1,시간제 주차장,,1,Y,유료,N,야간 미개방,800,1900,2019-06-10 11:31:31,250.0,5.0,0.0,0.0,0.0,도봉구,창동
1575191,방학동 월드상가 앞 주차장(구),도봉구 방학동 717-0,NS,노상 주차장,1,시간제 주차장,,1,Y,유료,N,야간 미개방,900,1800,2020-07-08 15:58:37,250.0,5.0,0.0,0.0,0.0,도봉구,방학동
1575315,남부여성발전센터 공영주차장(시),금천구 시흥동 139-2,NW,노외 주차장,1,시간제 주차장,,128,Y,유료,N,야간 미개방,0,2400,2020-12-01 16:47:25,120.0,5.0,120.0,5.0,,금천구,시흥동
1575751,신방화역 공영주차장(시),강서구 마곡동 739,NW,노외 주차장,1,시간제 주차장,02-3405-4581,199,Y,유료,N,야간 미개방,0,2400,2021-10-07 12:57:55,170.0,5.0,170.0,5.0,,강서구,마곡동
1575874,송림기사식당길(B) 공영주차장(구),광진구 자양동 584-24,NS,노상 주차장,1,시간제 주차장,02-2049-4540,1,Y,유료,N,야간 미개방,900,1800,2019-06-10 11:29:40,200.0,5.0,200.0,5.0,0.0,광진구,자양동
1576302,봉천복개3 공영주차장(시),관악구 봉천동 1467-3,NS,노상 주차장,1,시간제 주차장,,1,Y,유료,N,야간 미개방,900,1900,2021-10-07 16:25:03,130.0,5.0,130.0,5.0,,관악구,봉천동
1576344,고분다리 전통시장 공영주차장(구),강동구 천호동 280-9,NW,노외 주차장,1,시간제 주차장,02-478-6147,26,Y,유료,N,야간 미개방,0,2400,2019-06-10 09:37:18,150.0,5.0,150.0,5.0,,강동구,천호동
1576356,돈화문로 공영주차장(시),중구 을지로3가 296-24,NS,노상 주차장,1,시간제 주차장,,1,Y,유료,N,야간 미개방,900,1900,2021-10-08 14:36:08,750.0,5.0,750.0,5.0,0.0,중구,을지로3가
1576511,도봉로 15길 공영주차장(시),강북구 미아동 458-7,NS,노상 주차장,1,시간제 주차장,02-1688-1054,1,Y,유료,N,야간 미개방,900,1800,2021-10-08 14:50:41,200.0,5.0,200.0,5.0,0.0,강북구,미아동
1576703,가양라이품 공영주차장(시),강서구 가양동 1457-1,NW,노외 주차장,1,시간제 주차장,02-2290-6144,38,Y,유료,N,야간 미개방,0,2400,2021-10-06 18:04:01,170.0,5.0,170.0,5.0,0.0,강서구,가양동
1576989,신영시장 공동주차장(구),양천구 신월동 114-16,NW,노외 주차장,1,시간제 주차장,02-2644-1386,23,Y,유료,N,야간 미개방,900,1900,2020-08-27 15:37:30,150.0,5.0,150.0,5.0,9000.0,양천구,신월동
1577092,마른내로 공영주차장(시),중구 오장동 69-3,NS,노상 주차장,1,시간제 주차장,02)2273-0006,1,Y,유료,N,야간 미개방,900,1800,2021-10-08 10:51:46,620.0,5.0,620.0,5.0,0.0,중구,오장동
1577118,관악신사시장 공영주차장(구),관악구 신림동 494-37,NW,노외 주차장,3,시간제 + 거주자 주차장,02-2081-2670,13,Y,유료,N,야간 미개방,1000,2000,2019-06-10 09:36:55,150.0,5.0,150.0,5.0,0.0,관악구,신림동
1577279,반포4동 주민센터 공영주차장(구),서초구 반포동 74-7,NW,노외 주차장,3,시간제 + 거주자 주차장,02-2155-7287,51,Y,유료,N,야간 미개방,0,2400,2020-10-28 10:17:50,300.0,10.0,300.0,10.0,,서초구,반포동
1577831,동서시장 과일채소부 공영주차장(구),동대문구 제기동 849-0,NS,노상 주차장,1,시간제 주차장,02-962-1650,1,Y,유료,N,야간 미개방,900,1900,2019-06-10 09:52:36,300.0,10.0,300.0,10.0,36000.0,동대문구,제기동
1577875,동서시장 식품 공영주차장(구),동대문구 제기동 854-1,NS,노상 주차장,1,시간제 주차장,,1,Y,유료,N,야간 미개방,900,1900,2019-06-10 09:56:32,300.0,10.0,300.0,10.0,36000.0,동대문구,제기동
1578438,답십리 부품상가 노상(구),동대문구 답십리동 959-10,NS,노상 주차장,1,시간제 주차장,,1,Y,유료,N,야간 미개방,900,1900,2019-06-10 09:52:21,500.0,10.0,500.0,10.0,36000.0,동대문구,답십리동
1578569,동대문소방서노상(구),동대문구 장안동 434-0,NS,노상 주차장,1,시간제 주차장,02-456-2591,1,Y,유료,N,야간 미개방,900,1900,2019-06-10 09:56:57,500.0,10.0,500.0,10.0,36000.0,동대문구,장안동
1579086,신답고가 주변(구),동대문구 답십리동 530-6,NS,노상 주차장,1,시간제 주차장,,1,Y,유료,N,야간 미개방,900,1900,2019-06-10 09:55:46,500.0,10.0,500.0,10.0,36000.0,동대문구,답십리동
1579347,삼희상가주변(구),동대문구 답십리동 530-22,NS,노상 주차장,1,시간제 주차장,,1,Y,유료,N,야간 미개방,900,1900,2019-06-10 09:51:55,500.0,10.0,500.0,10.0,0.0,동대문구,답십리동
1579598,목사랑시장(구),양천구 목동 723-7,NW,노외 주차장,1,시간제 주차장,,24,Y,유료,N,야간 미개방,919,0,2019-06-10 09:37:35,150.0,5.0,150.0,5.0,,양천구,목동
1579832,석계역 앞(구),노원구 월계동 60-1,NW,노외 주차장,1,시간제 주차장,02-942-8882,29,Y,유료,N,야간 미개방,1000,2000,2019-06-10 09:36:57,100.0,5.0,100.0,5.0,6000.0,노원구,월계동
1579833,상계역 서측 주택가 공영주차장(구),노원구 상계동 169-409,NW,노외 주차장,1,시간제 주차장,,19,Y,유료,N,야간 미개방,1000,1900,2019-06-10 09:36:57,150.0,5.0,150.0,5.0,8100.0,노원구,상계동
1580083,서울약령시공영주차장(구),동대문구 제기동 1082-0,NW,노외 주차장,1,시간제 주차장,070-5088-2390,199,Y,유료,N,야간 미개방,0,2400,2019-06-10 09:37:20,500.0,10.0,500.0,10.0,20000.0,동대문구,제기동
1580112,방배1동 공영주차장(구),서초구 방배동 328-1,NW,노외 주차장,3,시간제 + 거주자 주차장,02-2155-7289,123,Y,유료,N,야간 미개방,0,2400,2020-10-28 14:34:13,300.0,10.0,300.0,10.0,,서초구,방배동
1580171,도봉2동  6공영주차장(구),도봉구 도봉동 59-1,NW,노외 주차장,2,거주자 우선 주차장,02-2091-4215,13,Y,유료,N,야간 미개방,0,0,2020-11-12 09:21:15,0.0,0.0,0.0,0.0,0.0,도봉구,도봉동
1580209,방배역 노상 공영주차장(구),서초구 방배동 91-16,NS,노상 주차장,1,시간제 주차장,,1,Y,유료,N,야간 미개방,900,2100,2019-06-10 09:53:37,500.0,10.0,500.0,10.0,0.0,서초구,방배동
1581248,밤고개로21길 공영주차장(구),강남구 율현동 77-5,NW,노외 주차장,1,시간제 주차장,02-2176-0907,109,Y,유료,N,야간 미개방,0,2400,2020-07-08 18:34:51,100.0,5.0,100.0,5.0,,강남구,율현동
1582630,수송초등학교 공영주차장(구),강북구 번동 456-0,NW,노외 주차장,1,시간제 주차장,02-944-3036,185,Y,유료,N,야간 미개방,0,0,2019-06-10 09:37:20,200.0,5.0,200.0,5.0,10000.0,강북구,번동
1583603,신월3동 여울공영주차장(구),양천구 신월동 151-5,NW,노외 주차장,3,시간제 + 거주자 주차장,02-2644-1386,74,Y,유료,N,야간 미개방,0,2400,2020-08-27 15:58:50,50.0,5.0,50.0,5.0,0.0,양천구,신월동
1583686,반포복개천 노상공영주차장(구),서초구 반포동 120-1,NS,노상 주차장,1,시간제 주차장,,1,Y,유료,N,야간 미개방,900,2100,2019-06-10 09:58:40,400.0,5.0,800.0,10.0,0.0,서초구,반포동
1583719,벽산 노상공영(구),강북구 수유동 36-1,NS,노상 주차장,3,시간제 + 거주자 주차장,,1,Y,유료,N,야간 미개방,900,1900,2019-06-10 09:53:41,200.0,5.0,200.0,5.0,10000.0,강북구,수유동
1583756,민속의집 공영주차장(구),강동구 고덕동 215-0,NW,노외 주차장,1,시간제 주차장,02-478-6147,26,Y,유료,N,야간 미개방,0,2400,2019-06-10 09:36:28,150.0,5.0,150.0,5.0,,강동구,고덕동
1583862,보라매상업 공영주차장(시),동작구 신대방동 431-3,NW,노외 주차장,1,시간제 주차장,,65,Y,유료,N,야간 미개방,900,2100,2021-10-07 16:33:21,130.0,5.0,130.0,5.0,,동작구,신대방동
1583920,마포중앙도서관 공영주차장(구),마포구 성산동 275-3,NW,노외 주차장,1,시간제 주차장,02-334-5331,192,Y,유료,N,야간 미개방,0,2400,2021-09-28 16:24:47,0.0,30.0,200.0,5.0,,마포구,성산동
1584066,석촌역(구),송파구 송파동 68-0,NS,노상 주차장,1,시간제 주차장,,1,Y,유료,N,야간 미개방,900,2100,2019-06-10 09:56:37,250.0,5.0,0.0,0.0,0.0,송파구,송파동
1584189,구청사주변(구),노원구 상계동 739-2,NS,노상 주차장,1,시간제 주차장,,1,Y,유료,N,야간 미개방,900,2000,2019-06-10 09:51:58,250.0,5.0,250.0,5.0,16500.0,노원구,상계동
1584694,구본청 부설주차장(구),동작구 노량진동 47-2,NW,노외 주차장,1,시간제 주차장,02-820-1440,76,Y,유료,N,야간 미개방,0,2400,2019-06-10 09:32:11,250.0,5.0,250.0,5.0,,동작구,노량진동
1584761,망원시장 노상공영주차장(구),마포구 망원동 414-1,NS,노상 주차장,1,시간제 주차장,02-300-5054,1,Y,유료,N,야간 미개방,1000,2000,2019-06-10 09:53:15,200.0,5.0,200.0,5.0,0.0,마포구,망원동
1584793,구의2동 주택가 공영주차장(구),광진구 구의동 30-10,NW,노외 주차장,1,시간제 주차장,02-2049-4596,90,Y,유료,N,야간 미개방,0,2400,2021-09-13 17:21:52,75.0,5.0,0.0,0.0,0.0,광진구,구의동
1585128,대왕초 공영주차장(구),강남구 세곡동 517-0,NW,노외 주차장,1,시간제 주차장,02-2176-0907,100,Y,유료,N,야간 미개방,0,2400,2020-07-08 18:33:15,100.0,5.0,100.0,5.0,,강남구,세곡동
1585275,개포주공5단지북측(구),강남구 개포동 186-6,NS,노상 주차장,1,시간제 주차장,02-445-8879,1,Y,유료,N,야간 미개방,900,1900,2019-09-10 20:49:58,300.0,5.0,600.0,5.0,0.0,강남구,개포동
1587097,공유) 다동(구),중구 다동 103-8,NS,노상 주차장,2,거주자 우선 주차장,1661-5806,1,Y,유료,N,야간 미개방,0,0,2019-11-11 17:45:19,0.0,0.0,0.0,0.0,0.0,중구,다동
1587106,공유) 황학동(구),중구 황학동 1743-0,NS,노상 주차장,2,거주자 우선 주차장,1661-5806,1,Y,유료,N,야간 미개방,0,0,2019-11-11 17:46:41,0.0,0.0,0.0,0.0,0.0,중구,황학동
1587124,공유) 영등포구청(구),영등포구 당산동3가 397-1,NS,노상 주차장,3,시간제 + 거주자 주차장,,1,Y,유료,N,야간 미개방,900,1800,2019-12-03 11:09:34,1200.0,60.0,1200.0,60.0,0.0,영등포구,당산동3가
1587366,공유) 12-37(구),송파구 송파동 148-2,NS,노상 주차장,2,거주자 우선 주차장,,1,Y,유료,N,야간 미개방,0,0,2019-11-11 17:51:36,0.0,0.0,0.0,0.0,0.0,송파구,송파동
1587380,15-가600구간(구),강동구 명일동 583-0,NS,노상 주차장,1,시간제 주차장,,1,Y,유료,N,야간 미개방,0,2400,2019-12-04 09:19:24,500.0,10.0,0.0,0.0,0.0,강동구,명일동
1587382,공유) 12-나1100구간(구),강동구 천호동 572-0,NS,노상 주차장,2,거주자 우선 주차장,,1,Y,유료,N,야간 미개방,0,0,2019-11-11 17:47:21,0.0,0.0,0.0,0.0,0.0,강동구,천호동
1587409,공유) 9-88(구),마포구 동교동 192-1,NS,노상 주차장,2,거주자 우선 주차장,,1,Y,유료,N,야간 미개방,0,0,2019-11-06 09:39:49,0.0,0.0,0.0,0.0,0.0,마포구,동교동
1587696,공유) 공유주차장(구),양천구 신정동 88-16,NS,노상 주차장,2,거주자 우선 주차장,,1,Y,유료,N,야간 미개방,0,0,2019-11-20 10:16:03,0.0,0.0,0.0,0.0,0.0,양천구,신정동
1587790,공유) 용신동 B 98구간(구),동대문구 용두동 52-44,NW,노외 주차장,3,시간제 + 거주자 주차장,02-2247-9664~6,26,Y,유료,N,야간 미개방,0,2400,2021-06-08 17:34:26,600.0,30.0,0.0,0.0,0.0,동대문구,용두동
1587878,공유) 사당1동 가블럭(구),동작구 사당동 1005-1,NS,노상 주차장,2,거주자 우선 주차장,,1,Y,유료,N,야간 미개방,0,0,2019-12-27 11:29:37,0.0,0.0,0.0,0.0,0.0,동작구,사당동
1588144,면목천로 거주자우선주차장A(구),중랑구 면목동 1503-6,NS,노상 주차장,2,거주자 우선 주차장,,1,Y,유료,N,야간 미개방,0,0,2021-05-31 16:45:15,0.0,0.0,0.0,0.0,0.0,중랑구,면목동
1588153,면목천로 거주자우선주차장B(구),중랑구 면목동 1505-5,NS,노상 주차장,2,거주자 우선 주차장,,1,Y,유료,N,야간 미개방,0,0,2021-05-31 16:45:53,0.0,0.0,0.0,0.0,0.0,중랑구,면목동
1588158,면목천로 거주자우선주차장C(구),중랑구 면목동 1503-6,NS,노상 주차장,2,거주자 우선 주차장,,1,Y,유료,N,야간 미개방,0,0,2021-05-31 16:46:28,0.0,0.0,0.0,0.0,0.0,중랑구,면목동
1588160,면목천로 거주자우선주차장D(구),중랑구 면목동 1505-5,NS,노상 주차장,2,거주자 우선 주차장,,1,Y,유료,N,야간 미개방,0,0,2021-05-31 16:46:06,0.0,0.0,0.0,0.0,0.0,중랑구,면목동
1588176,숙선옹주로 5공영(구),중랑구 묵동 113-3,NS,노상 주차장,2,거주자 우선 주차장,,1,Y,유료,N,야간 미개방,0,0,2021-02-04 10:26:33,0.0,0.0,0.0,0.0,0.0,중랑구,묵동
1588307,마곡8 임시 주차장(구),강서구 마곡동 728-42,NW,노외 주차장,1,시간제 주차장,02-2607-9113,200,Y,유료,N,야간 미개방,900,1900,2021-03-02 09:40:56,1200.0,60.0,100.0,5.0,0.0,강서구,마곡동
1588309,서울식물원 제2주차장(구),강서구 마곡동 20-3,NW,노외 주차장,1,시간제 주차장,,202,Y,유료,N,야간 미개방,0,0,2021-02-06 15:23:23,100.0,5.0,0.0,0.0,,강서구,마곡동
1588311,공항2임시(구),강서구 공항동 703-0,NW,노외 주차장,1,시간제 주차장,,160,N,무료,N,야간 미개방,0,0,2021-02-06 15:04:58,,,,,7000.0,강서구,공항동
1588340,문화회관서측 노외주차장(구),양천구 신정동 323-25,NW,노외 주차장,1,시간제 주차장,070-4370-7621,23,Y,유료,N,야간 미개방,900,1900,2020-08-27 16:56:52,150.0,5.0,150.0,5.0,,양천구,신정동
1588341,신월4동 공영주차장(시),양천구 신월동 411-1,NW,노외 주차장,1,시간제 주차장,02-2290-6311,53,Y,유료,N,야간 미개방,0,2400,2021-11-05 13:25:03,120.0,5.0,,,,양천구,신월동
1588343,밝은빛 공영주차장(구),양천구 신정동 323-18,NW,노외 주차장,1,시간제 주차장,,28,Y,유료,N,야간 미개방,900,1900,2020-08-27 16:54:20,150.0,5.0,150.0,5.0,,양천구,신정동
1588346,법마을공영주차장(구),양천구 신정동 1018-3,NW,노외 주차장,3,시간제 + 거주자 주차장,,20,Y,유료,N,야간 미개방,0,2400,2020-08-27 15:40:35,50.0,5.0,50.0,5.0,,양천구,신정동
1588347,서서울주차장(구),양천구 신월동 267-8,NW,노외 주차장,1,시간제 주차장,,70,Y,유료,N,야간 미개방,0,2400,2020-08-27 16:43:17,50.0,5.0,50.0,5.0,9000.0,양천구,신월동
1588349,능골주차장(구),양천구 신월동 152-38,NW,노외 주차장,1,시간제 주차장,,61,Y,유료,N,야간 미개방,0,2400,2020-08-27 16:01:47,50.0,5.0,50.0,5.0,,양천구,신월동
1588350,벚꽃길주차장(구),양천구 신정동 884-8,NW,노외 주차장,1,시간제 주차장,,33,Y,유료,N,야간 미개방,0,2400,2020-09-02 11:42:20,50.0,5.0,50.0,5.0,,양천구,신정동
1588353,구름다리주차장(구),양천구 신월동 915-4,NW,노외 주차장,1,시간제 주차장,,52,Y,유료,N,야간 미개방,0,2400,2020-09-02 15:42:47,50.0,5.0,50.0,5.0,,양천구,신월동
1588355,문화회관동측(구),양천구 목동 322-5,NW,노외 주차장,1,시간제 주차장,02-2653-1384,82,Y,유료,N,야간 미개방,900,1900,2020-08-27 16:48:25,150.0,5.0,150.0,5.0,9000.0,양천구,목동
1588356,마을마당주차장(구),양천구 신월동 129-6,NW,노외 주차장,3,시간제 + 거주자 주차장,,114,Y,유료,N,야간 미개방,0,2400,2020-08-27 15:44:27,50.0,5.0,50.0,5.0,,양천구,신월동
1588359,당곡주차장(구),양천구 신월동 482-11,NW,노외 주차장,1,시간제 주차장,,45,Y,유료,N,야간 미개방,0,2400,2020-08-27 17:40:04,50.0,5.0,50.0,5.0,,양천구,신월동
1588360,누리 공영주차장(구),양천구 신정동 323-13,NW,노외 주차장,1,시간제 주차장,070-4370-7621,20,Y,유료,N,야간 미개방,900,1900,2020-08-27 17:22:03,150.0,5.0,150.0,5.0,,양천구,신정동
1588362,신우주차장(구),양천구 신월동 166-23,NW,노외 주차장,1,시간제 주차장,,107,Y,유료,N,야간 미개방,0,2400,2020-08-27 16:06:04,50.0,5.0,50.0,5.0,,양천구,신월동
1588363,신곡주차장(구),양천구 신월동 549-18,NW,노외 주차장,1,시간제 주차장,02-1644-5014,18,Y,유료,N,야간 미개방,0,2400,2020-09-02 11:22:24,50.0,5.0,50.0,5.0,,양천구,신월동
1588364,곰달래주차장(구),양천구 신월동 226-9,NW,노외 주차장,1,시간제 주차장,,107,Y,유료,N,야간 미개방,0,2400,2020-08-27 16:36:53,50.0,5.0,50.0,5.0,,양천구,신월동
1588367,다락골주차장(구),양천구 신정동 1158-1,NW,노외 주차장,3,시간제 + 거주자 주차장,070-4370-7621,102,Y,유료,N,야간 미개방,0,2400,2020-08-27 11:15:27,50.0,5.0,50.0,5.0,,양천구,신정동
1588368,문화회관 지하주차장(구),양천구 신정동 322-0,NW,노외 주차장,1,시간제 주차장,070-4370-7621,93,Y,유료,N,야간 미개방,900,1900,2020-08-27 16:51:29,150.0,5.0,150.0,5.0,,양천구,신정동
1588369,가로공원공영주차장(구),양천구 신월동 263-0,NW,노외 주차장,1,시간제 주차장,02-2065-8333,376,Y,유료,N,야간 미개방,0,2400,2020-08-27 16:39:56,150.0,5.0,150.0,5.0,,양천구,신월동
1588489,둔촌역전통시장(구),강동구 성내동 417-34,NW,노외 주차장,1,시간제 주차장,,21,N,무료,N,야간 미개방,0,0,2021-01-22 16:00:39,,,,,,강동구,성내동
1588750,가산동 공영주차장(구),금천구 가산동 148-28,NW,노외 주차장,1,시간제 주차장,,128,Y,유료,N,야간 미개방,800,1900,2021-07-23 11:17:52,65.0,5.0,65.0,5.0,,금천구,가산동
1588766,독산2동 지평식주차장4(구),금천구 가산동 1031-12,NW,노외 주차장,2,거주자 우선 주차장,,7,Y,유료,N,야간 미개방,0,0,2021-01-22 12:04:49,0.0,0.0,0.0,0.0,0.0,금천구,가산동
1588770,독산2동 공영주차장(구),금천구 독산동 1050-17,NW,노외 주차장,1,시간제 주차장,,70,Y,유료,N,야간 미개방,700,1900,2021-01-22 12:06:23,250.0,10.0,250.0,10.0,,금천구,독산동
1588878,서울숲 공영주차장(구),성동구 성수동1가 643,NW,노외 주차장,1,시간제 주차장,070-7119-2893,177,Y,유료,N,야간 미개방,0,2400,2021-01-15 12:08:44,150.0,5.0,150.0,5.0,,성동구,성수동1가
1588881,공유) 성동 05-09(구),성동구 사근동 282-2,NW,노외 주차장,3,시간제 + 거주자 주차장,,57,Y,유료,N,야간 미개방,0,0,2021-06-24 16:25:48,150.0,5.0,0.0,0.0,0.0,성동구,사근동
1588885,거주자노외주차장(구),성동구 송정동 72-242,NW,노외 주차장,2,거주자 우선 주차장,,67,Y,유료,N,야간 미개방,0,0,2020-04-28 16:45:40,0.0,0.0,0.0,0.0,0.0,성동구,송정동
1588889,금만시장공영주차장(구),성동구 금호동3가 294-0,NW,노외 주차장,1,시간제 주차장,,10,N,무료,N,야간 미개방,0,0,2020-04-28 15:29:24,,,,,,성동구,금호동3가
1588892,거주자노외주차장(구),성동구 성수동1가 685-173,NW,노외 주차장,2,거주자 우선 주차장,,177,Y,유료,N,야간 미개방,0,0,2020-04-28 16:45:24,0.0,0.0,0.0,0.0,0.0,성동구,성수동1가
1588898,공유) 성동 09-06(구),성동구 금호동1가 636-0,NW,노외 주차장,2,거주자 우선 주차장,,22,Y,유료,N,야간 미개방,0,0,2021-06-24 16:21:27,0.0,0.0,0.0,0.0,0.0,성동구,금호동1가
1588901,거주자노외(구),성동구 행당동 341-48,NW,노외 주차장,2,거주자 우선 주차장,,24,Y,유료,N,야간 미개방,0,0,2020-04-28 16:45:54,0.0,0.0,0.0,0.0,0.0,성동구,행당동
1588964,마천동 1공영주차장(구),송파구 마천동 215-0,NW,노외 주차장,1,시간제 주차장,02-404-6275,217,Y,유료,N,야간 미개방,0,2400,2020-11-16 11:27:00,50.0,5.0,50.0,5.0,,송파구,마천동
1589089,송파파크데이 2단지입구앞(구),송파구 마천동 603-0,NW,노외 주차장,2,거주자 우선 주차장,,110,Y,유료,N,야간 미개방,0,0,2021-01-18 17:17:10,0.0,0.0,0.0,0.0,0.0,송파구,마천동
1593156,공유) 한강로동 22구간(구),용산구 한강로2가 157-2,NS,노상 주차장,2,거주자 우선 주차장,,1,Y,유료,N,야간 미개방,0,0,2021-02-02 17:31:18,0.0,0.0,0.0,0.0,0.0,용산구,한강로2가
1593622,공유) 남영동 01구간(구),용산구 남영동 108-0,NS,노상 주차장,2,거주자 우선 주차장,,1,Y,유료,N,야간 미개방,0,0,2021-02-02 17:22:37,0.0,0.0,0.0,0.0,0.0,용산구,남영동
1594023,공유) 한강로동 32구간(구),용산구 한강로2가 15-6,NS,노상 주차장,2,거주자 우선 주차장,,1,Y,유료,N,야간 미개방,0,0,2021-02-02 17:36:58,0.0,0.0,0.0,0.0,0.0,용산구,한강로2가
1594776,03-02-186(구),용산구 남영동 103-3,NS,노상 주차장,2,거주자 우선 주차장,,1,Y,유료,N,야간 미개방,0,0,2021-01-15 14:12:20,0.0,0.0,0.0,0.0,0.0,용산구,남영동
1594777,공유) 남영동 02구간(구),용산구 남영동 103-3,NS,노상 주차장,2,거주자 우선 주차장,,1,Y,유료,N,야간 미개방,0,0,2021-02-02 17:24:42,0.0,0.0,0.0,0.0,0.0,용산구,남영동
1594778,03-04-135(구),용산구 남영동 46-3 ,NS,노상 주차장,2,거주자 우선 주차장,,1,Y,유료,N,야간 미개방,0,0,2021-01-15 14:08:35,0.0,0.0,0.0,0.0,0.0,용산구,남영동
1594835,공유) 남영동 04구간(구),용산구 남영동 46-3,NS,노상 주차장,2,거주자 우선 주차장,,1,Y,유료,N,야간 미개방,0,0,2021-02-02 17:26:47,0.0,0.0,0.0,0.0,0.0,용산구,남영동
1594961,삼각지고가밑 공영주차장(시),용산구 문배동 12-1,NS,노상 주차장,1,시간제 주차장,,1,Y,유료,N,야간 미개방,900,1900,2021-10-08 09:40:32,250.0,5.0,250.0,5.0,0.0,용산구,문배동
1596928,논현로131길(구),강남구 논현동 279-99 학동역7번출구윗길,NS,노상 주차장,1,시간제 주차장,,1,Y,유료,N,야간 미개방,900,1900,2020-07-21 18:30:17,400.0,5.0,800.0,5.0,,강남구,논현동
1598005,남부순환로397길(구),강남구 대치동 600-13,NS,노상 주차장,1,시간제 주차장,,1,Y,유료,N,야간 미개방,900,1900,2020-04-21 17:23:33,300.0,5.0,600.0,5.0,24000.0,강남구,대치동
1615247,벽산공영(구),강북구 수유동 186-5 ,NS,노상 주차장,1,시간제 주차장,,1,Y,유료,N,야간 미개방,900,1900,2021-07-23 11:50:47,200.0,5.0,200.0,5.0,15000.0,강북구,수유동
1628524,공유) 광장동 IoT 공유주차장(구),광진구 광장동 145-8 ,NS,노상 주차장,2,거주자 우선 주차장,0,1,Y,유료,N,야간 미개방,0,0,2020-07-13 14:52:07,0.0,0.0,0.0,0.0,0.0,광진구,광장동
1629111,공유) 능동 IoT 공유주차장(구),광진구 능동 314-7 ,NS,노상 주차장,2,거주자 우선 주차장,0,1,Y,유료,N,야간 미개방,0,0,2020-07-13 14:59:33,0.0,0.0,0.0,0.0,0.0,광진구,능동
1629436,동서울호텔길 노상공영주차장(구),광진구 자양동 609-1,NS,노상 주차장,1,시간제 주차장,0,1,Y,유료,N,야간 미개방,900,1800,2020-11-06 15:25:27,250.0,5.0,0.0,0.0,0.0,광진구,자양동
1629882,동서울 호텔길(B) 공영주차장(구),광진구 구의동 547-6 ,NS,노상 주차장,3,시간제 + 거주자 주차장,,1,Y,유료,N,야간 미개방,900,1800,2020-11-06 15:10:05,250.0,5.0,0.0,0.0,10000.0,광진구,구의동
1630562,공유) 구로중학교A(구),구로구 구로동 65-0,NS,노상 주차장,2,거주자 우선 주차장,,1,Y,유료,N,야간 미개방,0,0,2020-12-24 10:15:31,0.0,0.0,0.0,0.0,0.0,구로구,구로동
1632942,공유) 구로중학교B(구),구로구 구로동 65-0,NS,노상 주차장,2,거주자 우선 주차장,,1,Y,유료,N,야간 미개방,0,0,2020-12-24 10:17:08,0.0,0.0,0.0,0.0,0.0,구로구,구로동
1667236,공유)  성동 06-23(구),성동구 행당동 381-6,NS,노상 주차장,3,시간제 + 거주자 주차장,,1,Y,유료,N,야간 미개방,0,0,2021-06-24 15:40:37,100.0,5.0,0.0,0.0,0.0,성동구,행당동
1671842,국민대앞북악주차(구),성북구 정릉동 880-1 ,NS,노상 주차장,1,시간제 주차장,,1,Y,유료,N,야간 미개방,0,2400,2020-11-11 17:45:37,150.0,5.0,300.0,10.0,10000.0,성북구,정릉동
1676993,비석거리 노상 공영주차장(구),송파구 가락동 95-6,NS,노상 주차장,1,시간제 주차장,,1,Y,유료,N,야간 미개방,900,2100,2020-11-11 18:21:36,100.0,5.0,0.0,0.0,0.0,송파구,가락동
1681805,문정골길 노상 공영주차장(구),송파구 문정동 41-14,NS,노상 주차장,1,시간제 주차장,,1,Y,유료,N,야간 미개방,1000,2200,2020-11-11 18:07:54,150.0,5.0,0.0,0.0,0.0,송파구,문정동
1684765,새마을시장 노상공영주차장(구),송파구 잠실동 284-0,NS,노상 주차장,1,시간제 주차장,,1,Y,유료,N,야간 미개방,900,1800,2020-11-16 11:47:30,250.0,5.0,250.0,5.0,0.0,송파구,잠실동
1703438,서소문 올리브타워 옆(구),중구 서소문동 135-1,NS,노상 주차장,1,시간제 주차장,02-2280-8365,1,Y,유료,N,야간 미개방,800,2200,2020-06-01 18:14:49,400.0,5.0,400.0,5.0,0.0,중구,서소문동
1704520,공유) 필동로(구),중구 필동3가 118-0,NS,노상 주차장,3,시간제 + 거주자 주차장,02-3396-6264,1,Y,유료,N,야간 미개방,0,2359,2021-04-27 17:17:09,1200.0,60.0,600.0,30.0,0.0,중구,필동3가
1706234,공유) 중화2동 21구간(구),중랑구 중화동 73-8,NS,노상 주차장,3,시간제 + 거주자 주차장,02-1661-5806,1,Y,유료,N,야간 미개방,900,1800,2021-07-28 18:18:25,600.0,60.0,300.0,30.0,0.0,중랑구,중화동
1706638,공유) 중화2동 11구간(구),중랑구 중화동 61-4,NS,노상 주차장,3,시간제 + 거주자 주차장,02-1661-5806,1,Y,유료,N,야간 미개방,900,1800,2021-07-28 16:56:12,600.0,60.0,300.0,30.0,0.0,중랑구,중화동
1707798,공유) 면목본동 22구간(구),중랑구 면목동 1507-7,NS,노상 주차장,3,시간제 + 거주자 주차장,02-1661-5806,1,Y,유료,N,야간 미개방,900,1800,2021-07-28 18:32:15,600.0,60.0,300.0,30.0,0.0,중랑구,면목동
1708447,공유) 면목5동 14구간(구),중랑구 면목동 1507-15,NS,노상 주차장,3,시간제 + 거주자 주차장,02-1661-5806,1,Y,유료,N,야간 미개방,900,1800,2021-07-28 16:56:37,600.0,60.0,300.0,30.0,0.0,중랑구,면목동
1709791,공유) 면목2동 10구간(25~27)(구),중랑구 면목동 294-30,NS,노상 주차장,3,시간제 + 거주자 주차장,02-1661-5806,1,Y,유료,N,야간 미개방,900,1800,2021-07-28 19:47:56,600.0,60.0,300.0,30.0,0.0,중랑구,면목동
1709804,공유) 면목2동 10구간(59~61)(구),중랑구 면목동 294-10,NS,노상 주차장,3,시간제 + 거주자 주차장,02-1661-5806,1,Y,유료,N,야간 미개방,900,1800,2021-07-28 19:42:54,600.0,60.0,300.0,30.0,0.0,중랑구,면목동
171721,세종로 공영주차장(시),종로구 세종로 80-1,NW,노외 주차장,1,시간제 주차장,02-2290-6566,1260,Y,유료,N,야간 미개방,0,2400,2021-10-06 18:14:43,430.0,5.0,430.0,5.0,0.0,종로구,세종로
171724,서인사마당공영(구),종로구 견지동 85-18,NW,노외 주차장,1,시간제 주차장,02-2236-0052,45,Y,유료,N,야간 미개방,800,2200,2019-06-10 09:30:49,400.0,5.0,400.0,5.0,,종로구,견지동
171778,명광교회공영주차장(구),종로구 명륜3가 12-0,NW,노외 주차장,1,시간제 주차장,02-2236-0052,8,Y,유료,N,야간 미개방,0,2400,2019-06-10 09:31:40,250.0,5.0,250.0,5.0,0.0,종로구,명륜3가
1717843,거주자우선(IOT공유)(구),영등포구 대림동 711-0,NS,노상 주차장,3,시간제 + 거주자 주차장,,1,Y,유료,N,야간 미개방,900,1800,2021-04-19 18:10:08,1200.0,60.0,600.0,30.0,,영등포구,대림동
1717850,거주자우선(IOT공유)(구),영등포구 대림동 736-3 ,NS,노상 주차장,3,시간제 + 거주자 주차장,,1,Y,유료,N,야간 미개방,900,1800,2021-04-19 18:03:40,1200.0,60.0,0.0,0.0,0.0,영등포구,대림동
171810,동묘공영주차장(구),종로구 숭인동 227-8,NW,노외 주차장,3,시간제 + 거주자 주차장,02-2236-0052,27,Y,유료,N,야간 미개방,900,1800,2021-07-23 14:50:56,400.0,5.0,400.0,5.0,,종로구,숭인동
171830,다동공원 제4부지 공영주차장(구),중구 다동 39-3,NW,노외 주차장,3,시간제 + 거주자 주차장,02-756-7008,15,Y,유료,N,야간 미개방,900,2300,2019-06-10 09:31:47,400.0,5.0,400.0,5.0,0.0,중구,다동
1718831,거주자우선(IOT공유)(구),영등포구 대림동 710-0 ,NS,노상 주차장,3,시간제 + 거주자 주차장,,1,Y,유료,N,야간 미개방,900,1800,2021-04-19 18:13:58,1200.0,60.0,600.0,30.0,,영등포구,대림동
171901,묵정공원지하 공영주차장(구),중구 충무로5가 21-0,NW,노외 주차장,3,시간제 + 거주자 주차장,02-2280-8368,499,Y,유료,N,야간 미개방,0,2400,2021-05-26 13:42:06,400.0,5.0,400.0,5.0,0.0,중구,충무로5가
171924,동화동 공영주차장(구),중구 신당동 52-7,NW,노외 주차장,3,시간제 + 거주자 주차장,02-2280-8368,233,Y,유료,N,야간 미개방,0,2400,2021-05-26 15:05:34,150.0,5.0,150.0,5.0,0.0,중구,신당동
171931,신당역 공영주차장(구),중구 신당동 140-29,NW,노외 주차장,3,시간제 + 거주자 주차장,02-2280-8368,29,Y,유료,N,야간 미개방,0,2400,2021-05-26 15:04:31,250.0,5.0,250.0,5.0,0.0,중구,신당동
171932,성곽 공영주차장(구),중구 신당동 432-2026,NW,노외 주차장,3,시간제 + 거주자 주차장,02-2280-8368,46,Y,유료,N,야간 미개방,0,2400,2021-05-26 15:55:14,150.0,5.0,150.0,5.0,0.0,중구,신당동
171941,다산동 공영주차장(구),중구 신당동 432-1584,NW,노외 주차장,3,시간제 + 거주자 주차장,02-2280-8368,86,Y,유료,N,야간 미개방,0,2400,2021-05-26 14:45:59,150.0,5.0,150.0,5.0,0.0,중구,신당동
171944,버티 공영주차장(구),중구 신당동 432-1693,NW,노외 주차장,3,시간제 + 거주자 주차장,02-2280-8368,92,Y,유료,N,야간 미개방,0,2400,2021-05-26 14:48:35,150.0,5.0,150.0,5.0,0.0,중구,신당동
171945,동산 공영주차장(구),중구 신당동 333-260,NW,노외 주차장,3,시간제 + 거주자 주차장,02-2280-8368,83,Y,유료,N,야간 미개방,0,2400,2021-05-26 14:57:24,150.0,5.0,150.0,5.0,0.0,중구,신당동
171953,서소문 삼성생명뒤 공영주차장(구),중구 서소문동 122-0,NW,노외 주차장,1,시간제 주차장,02-310-9588,50,Y,유료,N,야간 미개방,700,2300,2019-06-10 09:32:05,400.0,5.0,400.0,5.0,0.0,중구,서소문동
171956,문화공영주차장(구),중구 신당동 425-1,NW,노외 주차장,3,시간제 + 거주자 주차장,02-2252-5314,31,Y,유료,N,야간 미개방,700,2300,2019-06-10 09:32:06,150.0,5.0,150.0,5.0,0.0,중구,신당동
171965,신당사거리 공영주차장(구),중구 신당동 110-1,NW,노외 주차장,3,시간제 + 거주자 주차장,02-2280-8368,45,Y,유료,N,야간 미개방,0,2400,2021-05-26 15:02:07,250.0,5.0,250.0,5.0,0.0,중구,신당동
171975,손기정체육공원 공영주차장(구),중구 만리동2가 6-1,NW,노외 주차장,3,시간제 + 거주자 주차장,02-2280-8368,162,Y,유료,N,야간 미개방,0,2400,2021-05-26 15:06:21,150.0,5.0,150.0,5.0,0.0,중구,만리동2가
171997,서계동공영주차장(구),용산구 서계동 276-5,NW,노외 주차장,1,시간제 주차장,02-749-5314,36,Y,유료,N,야간 미개방,0,2400,2019-06-10 09:30:58,150.0,5.0,150.0,5.0,0.0,용산구,서계동
172084,도선동공영주차장(구),성동구 홍익동 369-0,NW,노외 주차장,1,시간제 주차장,,191,Y,유료,N,야간 미개방,0,0,2020-04-28 15:34:31,100.0,5.0,,,10000.0,성동구,홍익동
172097,공영주차장(구),성동구 금호동2가 511-0,NW,노외 주차장,1,시간제 주차장,,124,N,무료,N,야간 미개방,0,0,2020-04-28 15:29:45,,,,,,성동구,금호동2가
172118,성수1가2동공영주차장(구),성동구 성수동1가 13-22,NW,노외 주차장,1,시간제 주차장,,19,N,무료,N,야간 미개방,0,0,2020-04-28 15:31:46,,,,,,성동구,성수동1가
172120,성수1가1동공영주차장(구),성동구 성수동1가 656-260,NW,노외 주차장,1,시간제 주차장,,92,N,무료,N,야간 미개방,0,0,2020-04-28 15:31:15,,,,,,성동구,성수동1가
172130,성구2가3동공영주차장(구),성동구 성수동2가 299-19,NW,노외 주차장,1,시간제 주차장,,195,N,무료,N,야간 미개방,0,0,2020-04-28 15:32:12,,,,,,성동구,성수동2가
172134,공영주차장(구),성동구 성수동2가 571-1,NW,노외 주차장,1,시간제 주차장,,164,N,무료,N,야간 미개방,0,0,2020-04-28 15:31:59,,,,,,성동구,성수동2가
172144,강변공영주차장(구),성동구 성수동1가 366-1,NW,노외 주차장,1,시간제 주차장,,103,N,무료,N,야간 미개방,0,0,2020-04-28 15:31:30,,,,,,성동구,성수동1가
172184,동서울 노외주차장(구),광진구 구의동 598-1,NW,노외 주차장,1,시간제 주차장,,25,Y,유료,N,야간 미개방,800,1900,2019-06-10 09:31:14,250.0,5.0,250.0,5.0,30000.0,광진구,구의동
172198,구의1동 공영주차장(구),광진구 구의동 243-78,NW,노외 주차장,1,시간제 주차장,02-2049-4596,173,Y,유료,N,야간 미개방,0,2400,2021-09-13 17:06:50,150.0,5.0,0.0,0.0,0.0,광진구,구의동
172204,능동공영주차장(구),광진구 능동 205-0,NW,노외 주차장,1,시간제 주차장,02-2049-4596,77,Y,유료,N,야간 미개방,0,2400,2021-09-13 17:44:47,150.0,5.0,0.0,0.0,0.0,광진구,능동
172272,동답 공영주차장(구),동대문구 답십리동 2-283,NW,노외 주차장,3,시간제 + 거주자 주차장,02-2247-9664~6,67,Y,유료,N,야간 미개방,900,1900,2019-06-10 09:34:29,1000.0,60.0,0.0,0.0,10000.0,동대문구,답십리동
172303,늘봄주차장(구),중랑구 면목동 22-12,NW,노외 주차장,1,시간제 주차장,02-437-1987,72,Y,유료,N,야간 미개방,0,2400,2019-06-10 09:34:33,100.0,5.0,100.0,5.0,0.0,중랑구,면목동
172321,까치공원공영주차장(구),중랑구 면목동 570-0,NW,노외 주차장,1,시간제 주차장,080-490-3894,90,Y,유료,N,야간 미개방,0,2400,2019-06-10 09:34:35,100.0,5.0,100.0,5.0,0.0,중랑구,면목동
172378,면목5동공영주차장(구),중랑구 면목동 162-22,NW,노외 주차장,1,시간제 주차장,02-432-4174,67,Y,유료,N,야간 미개방,0,2400,2019-06-10 09:31:24,100.0,5.0,100.0,5.0,0.0,중랑구,면목동
172382,봉화산역(남) 공영주차장(시),중랑구 신내동 647-0,NW,노외 주차장,1,시간제 주차장,02-1688-1054,88,Y,유료,N,야간 미개방,900,2200,2021-10-08 14:56:36,80.0,5.0,80.0,5.0,0.0,중랑구,신내동
172384,동원시장공영주차장(구),중랑구 면목동 74-33,NW,노외 주차장,1,시간제 주차장,,26,Y,유료,N,야간 미개방,0,2400,2019-06-10 09:31:25,100.0,5.0,100.0,5.0,0.0,중랑구,면목동
172385,상봉2동공영주차장(구),중랑구 상봉동 110-38,NW,노외 주차장,1,시간제 주차장,02-1577-3325,83,Y,유료,N,야간 미개방,0,2400,2019-06-10 09:31:25,100.0,5.0,100.0,5.0,0.0,중랑구,상봉동
172459,시네마빌딩공영주차장(구),성북구 돈암동 538-59,NW,노외 주차장,1,시간제 주차장,070-8644-8323,100,Y,유료,N,야간 미개방,0,2400,2019-06-10 09:33:56,150.0,5.0,150.0,5.0,10000.0,성북구,돈암동
172478,벤처빌딩(구),성북구 장위동 65-154,NW,노외 주차장,1,시간제 주차장,,56,Y,유료,N,야간 미개방,0,2400,2019-06-10 09:37:26,150.0,5.0,150.0,5.0,10000.0,성북구,장위동
172480,마을공원(구),성북구 장위동 77-79,NW,노외 주차장,1,시간제 주차장,,98,Y,유료,N,야간 미개방,0,2400,2019-06-10 09:37:26,150.0,5.0,150.0,5.0,10000.0,성북구,장위동
172530,대지시장길 공영주차장(구),강북구 미아동 703-8,NW,노외 주차장,1,시간제 주차장,02-944-3035,47,Y,유료,N,야간 미개방,0,2400,2019-06-10 09:34:06,200.0,5.0,200.0,5.0,10000.0,강북구,미아동
172540,동방고개(구),성북구 장위동 230-110,NW,노외 주차장,1,시간제 주차장,,66,Y,유료,N,야간 미개방,0,2400,2019-06-10 09:37:26,150.0,5.0,150.0,5.0,10000.0,성북구,장위동
172550,송중동 공영주차장(구),강북구 미아동 48-1,NW,노외 주차장,1,시간제 주차장,02-944-3038,53,Y,유료,N,야간 미개방,0,2400,2019-06-10 09:34:07,200.0,5.0,200.0,5.0,10000.0,강북구,미아동
172562,시범 공영주차장(구),강북구 수유동 190-11,NW,노외 주차장,1,시간제 주차장,02-944-3029,45,Y,유료,N,야간 미개방,800,2200,2019-06-10 09:34:07,250.0,5.0,250.0,5.0,15000.0,강북구,수유동
172564,냉천길 공영주차장(구),강북구 미아동 756-1,NW,노외 주차장,1,시간제 주차장,02-944-3040,103,Y,유료,N,야간 미개방,0,2400,2019-06-10 09:34:08,200.0,5.0,200.0,5.0,10000.0,강북구,미아동
172592,도봉2동 법조타운 공영주차장(구),도봉구 도봉동 624-105,NW,노외 주차장,3,시간제 + 거주자 주차장,02-901-5100,164,Y,유료,N,야간 미개방,900,1800,2019-09-09 07:48:23,100.0,5.0,100.0,5.0,0.0,도봉구,도봉동
172594,교통광장 공영주차장(구),강북구 우이동 265-0,NW,노외 주차장,1,시간제 주차장,02-944-3027,56,Y,유료,N,야간 미개방,0,2400,2019-06-10 09:38:02,200.0,5.0,200.0,5.0,10000.0,강북구,우이동
172632,동막골 (구),노원구 상계동 31-0,NW,노외 주차장,1,시간제 주차장,02-939-7708,38,Y,유료,N,야간 미개방,900,1800,2019-06-10 09:34:11,150.0,5.0,150.0,5.0,8100.0,노원구,상계동
172634,수락산역 공영주차장(시),노원구 상계동 1268-0,NW,노외 주차장,1,시간제 주차장,02-2290-6407,157,Y,유료,N,야간 미개방,0,2400,2021-10-06 18:15:38,170.0,5.0,170.0,5.0,,노원구,상계동
172643,수색동공영주차장(구),은평구 수색동 78-2,NW,노외 주차장,1,시간제 주차장,,111,Y,유료,N,야간 미개방,0,2400,2019-11-27 16:18:22,100.0,5.0,100.0,5.0,,은평구,수색동
172683,새장골공영주차장(구),은평구 불광동 480-352,NW,노외 주차장,1,시간제 주차장,02-355-5947,40,Y,유료,N,야간 미개방,0,2400,2019-06-10 09:38:24,100.0,5.0,100.0,5.0,,은평구,불광동
172695,건영백화점앞(구),노원구 중계동 507-0,NW,노외 주차장,1,시간제 주차장,02-949-7705,137,Y,유료,N,야간 미개방,1000,2000,2019-06-10 09:34:13,250.0,5.0,250.0,5.0,16500.0,노원구,중계동
172696,등나무근린공원(구),노원구 중계동 508-1,NW,노외 주차장,1,시간제 주차장,02-949-7706,151,Y,유료,N,야간 미개방,1030,2100,2019-06-10 09:37:27,250.0,5.0,250.0,5.0,16500.0,노원구,중계동
172777,갈현1동공영주차장(구),은평구 갈현동 9-112,NW,노외 주차장,1,시간제 주차장,02-357-5947,61,Y,유료,N,야간 미개방,0,2400,2019-11-27 15:05:27,100.0,5.0,100.0,5.0,0.0,은평구,갈현동
172840,공덕1-1 공영주차장(구),마포구 공덕동 11-243,NW,노외 주차장,3,시간제 + 거주자 주차장,02-300-5041,81,Y,유료,N,야간 미개방,900,1800,2019-06-10 09:31:46,1000.0,60.0,500.0,30.0,0.0,마포구,공덕동
172844,마포유수지(시),마포구 마포동 36-1,NW,노외 주차장,5,시간제 + 버스전용 주차장,02-2290-6093,505,Y,유료,N,야간 미개방,0,2400,2021-09-29 09:31:02,220.0,5.0,220.0,5.0,0.0,마포구,마포동
172881,상암1 공영주차장(구),마포구 상암동 1621-0,NW,노외 주차장,1,시간제 주차장,02-373-5401,141,Y,유료,N,야간 미개방,0,2400,2019-06-10 09:34:43,200.0,5.0,200.0,5.0,0.0,마포구,상암동
172904,목동공영주차장(구),양천구 목동 915-0,NW,노외 주차장,1,시간제 주차장,02-2644-1384,1092,Y,유료,N,야간 미개방,700,2200,2020-09-02 15:39:28,150.0,5.0,150.0,5.0,10000.0,양천구,목동
172907,망원1-1 공영주차장(구),마포구 망원동 418-39,NW,노외 주차장,3,시간제 + 거주자 주차장,02-300-5041,68,Y,유료,N,야간 미개방,900,1800,2019-06-10 09:34:47,1000.0,60.0,500.0,30.0,0.0,마포구,망원동
172916,목2동 월촌(구),양천구 목동 525-0,NW,노외 주차장,1,시간제 주차장,02-2061-4369,70,Y,유료,N,야간 미개방,0,2400,2020-08-27 17:45:44,50.0,5.0,50.0,5.0,,양천구,목동
172923,성산2-1 공영주차장(구),마포구 성산동 199-0,NW,노외 주차장,3,시간제 + 거주자 주차장,02-300-5041,59,Y,유료,N,야간 미개방,900,1800,2019-06-10 09:35:01,1000.0,60.0,500.0,30.0,0.0,마포구,성산동
172936,광장주차장(구),양천구 목동 907-19,NW,노외 주차장,1,시간제 주차장,070-7119-2792,47,Y,유료,N,야간 미개방,900,1900,2020-09-02 14:09:11,150.0,5.0,150.0,5.0,,양천구,목동
172937,목동체비지 공영주차장(시),양천구 목동 908-26,NW,노외 주차장,1,시간제 주차장,,56,Y,유료,N,야간 미개방,800,2100,2021-10-07 13:53:30,130.0,5.0,130.0,5.0,,양천구,목동
172941,달마을주차장(구),양천구 목동 532-18,NW,노외 주차장,1,시간제 주차장,010-5318-724,30,Y,유료,N,야간 미개방,0,2400,2020-08-27 17:46:57,50.0,5.0,50.0,5.0,,양천구,목동
172943,망원2-1 공영주차장(구),마포구 망원동 428-5,NW,노외 주차장,3,시간제 + 거주자 주차장,02-300-5041,62,Y,유료,N,야간 미개방,900,1800,2019-06-10 09:35:04,1000.0,60.0,500.0,30.0,0.0,마포구,망원동
172952,목3동 해운주차장(구),양천구 목동 711-6,NW,노외 주차장,1,시간제 주차장,02-2061-788,64,Y,유료,N,야간 미개방,0,2400,2019-06-10 09:35:05,50.0,5.0,50.0,5.0,0.0,양천구,목동
172957,등촌 2-1 공영주차장(구),강서구 등촌동 531-5,NW,노외 주차장,1,시간제 주차장,02-2645-1578,91,Y,유료,N,야간 미개방,0,0,2021-02-06 15:06:05,50.0,5.0,50.0,5.0,2000.0,강서구,등촌동
172970,방화역(서) 공영주차장(시),강서구 방화동 829-1,NW,노외 주차장,1,시간제 주차장,,68,Y,유료,N,야간 미개방,800,2100,2021-10-07 14:23:54,170.0,5.0,170.0,5.0,0.0,강서구,방화동
172971,방화역(동) 공영주차장(시),강서구 방화동 830-4,NW,노외 주차장,1,시간제 주차장,,67,Y,유료,N,야간 미개방,800,2100,2021-10-07 14:23:12,170.0,5.0,170.0,5.0,0.0,강서구,방화동
172979,개화산역 공영주차장(시),강서구 방화동 845-0,NW,노외 주차장,1,시간제 주차장,02-2290-6064,322,Y,유료,N,야간 미개방,0,2400,2021-10-06 17:58:19,170.0,5.0,170.0,5.0,0.0,강서구,방화동
173001,공항동(송정역)(시),강서구 공항동 42-8,NW,노외 주차장,2,거주자 우선 주차장,,11,Y,유료,N,야간 미개방,0,0,2020-07-01 14:03:35,0.0,0.0,0.0,0.0,0.0,강서구,공항동
173005,가양3동 공영주차장(시),강서구 가양동 1488-12,NW,노외 주차장,1,시간제 주차장,,56,Y,유료,N,야간 미개방,900,1900,2021-10-07 13:52:09,200.0,5.0,200.0,5.0,0.0,강서구,가양동
173073,구로5동마을공동주차장(구),구로구 구로동 549-73,NW,노외 주차장,1,시간제 주차장,02-839-4875,81,Y,유료,N,야간 미개방,900,1800,2019-06-10 09:32:49,100.0,5.0,100.0,5.0,0.0,구로구,구로동
173077,구로3동마을주차장(구),구로구 구로동 797-1,NW,노외 주차장,1,시간제 주차장,,20,Y,유료,N,야간 미개방,1000,1800,2019-06-10 09:39:28,50.0,5.0,50.0,5.0,0.0,구로구,구로동
173093,구로리공원지하주차장(구),구로구 구로동 139-82,NW,노외 주차장,1,시간제 주차장,,203,Y,유료,N,야간 미개방,0,2400,2019-06-10 09:34:16,150.0,5.0,150.0,5.0,0.0,구로구,구로동
173104,고척1동마을공동주차장(구),구로구 고척동 52-54,NW,노외 주차장,1,시간제 주차장,,88,Y,유료,N,야간 미개방,0,2400,2019-06-10 09:34:18,100.0,5.0,100.0,5.0,0.0,구로구,고척동
173123,독산1동공영주차장(구),금천구 독산동 1006-94,NW,노외 주차장,3,시간제 + 거주자 주차장,,66,Y,유료,N,야간 미개방,830,1900,2019-06-10 09:35:36,65.0,5.0,65.0,5.0,0.0,금천구,독산동
173129,독산3동 공영주차장(구),금천구 독산동 898-24,NW,노외 주차장,1,시간제 주차장,,50,Y,유료,N,야간 미개방,800,1900,2021-01-29 11:00:29,65.0,5.0,65.0,5.0,,금천구,독산동
173139,구로2동 마을공동주차장(구),구로구 구로동 317-187,NW,노외 주차장,1,시간제 주차장,02-837-9650,88,Y,유료,N,야간 미개방,0,2400,2020-12-28 13:55:19,100.0,5.0,100.0,5.0,0.0,구로구,구로동
173141,시흥1동 공영주차장(구),금천구 시흥동 555-3,NW,노외 주차장,1,시간제 주차장,,82,Y,유료,N,야간 미개방,900,1800,2019-06-10 09:34:24,65.0,5.0,,,0.0,금천구,시흥동
173142,독산2동 공영주차장(구),금천구 독산동 1050-17,NW,노외 주차장,3,시간제 + 거주자 주차장,,66,Y,유료,N,야간 미개방,830,1900,2019-06-10 09:34:24,65.0,5.0,65.0,5.0,0.0,금천구,독산동
173150,신길환승(5호선)(구),영등포구 영등포동1가 35-0,NW,노외 주차장,1,시간제 주차장,02-2677-1401,88,Y,유료,N,야간 미개방,0,2400,2020-08-11 15:38:21,100.0,5.0,100.0,5.0,0.0,영등포구,영등포동1가
173153,시흥3동 공영주차장(구),금천구 시흥동 942-6,NW,노외 주차장,3,시간제 + 거주자 주차장,,44,Y,유료,N,야간 미개방,830,1900,2019-06-10 09:34:25,65.0,5.0,65.0,5.0,0.0,금천구,시흥동
173160,가산동공영주차장(구),금천구 가산동 148-28,NW,노외 주차장,3,시간제 + 거주자 주차장,02-809-0061,130,Y,유료,N,야간 미개방,830,1900,2019-06-10 09:34:26,65.0,5.0,65.0,5.0,0.0,금천구,가산동
173168,상인회주차장(구),금천구 시흥동 886-13,NW,노외 주차장,1,시간제 주차장,02-808-0811,22,Y,유료,N,야간 미개방,900,1800,2019-06-10 09:34:27,1000.0,30.0,0.0,0.0,0.0,금천구,시흥동
173169,견인보관소 노외(구),금천구 가산동 614-34,NW,노외 주차장,1,시간제 주차장,02-854-5273,55,Y,유료,N,야간 미개방,0,2400,2019-06-10 09:34:27,300.0,10.0,0.0,0.0,9000.0,금천구,가산동
173184,문래근린공원 공영(구),영등포구 문래동3가 60-2,NW,노외 주차장,1,시간제 주차장,02-2677-1401,41,Y,유료,N,야간 미개방,0,2400,2020-08-11 17:21:28,250.0,5.0,250.0,5.0,,영등포구,문래동3가
173185,문래동공영(구),영등포구 문래동5가 3-0,NW,노외 주차장,1,시간제 주차장,02-2677-1401,52,Y,유료,N,야간 미개방,0,2400,2020-08-11 15:17:08,150.0,5.0,150.0,5.0,0.0,영등포구,문래동5가
173193,당산1동공영(구),영등포구 당산동3가 6-1,NW,노외 주차장,1,시간제 주차장,02-2635-2388,91,Y,유료,N,야간 미개방,0,2400,2020-08-11 15:02:53,100.0,5.0,100.0,5.0,0.0,영등포구,당산동3가
173208,당산2동(구),영등포구 당산동 121-105,NW,노외 주차장,1,시간제 주차장,02-2671-2049,31,Y,유료,N,야간 미개방,0,2400,2020-08-11 15:08:53,150.0,5.0,150.0,5.0,0.0,영등포구,당산동
173235,신길4동공영(구),영등포구 신길동 236-10,NW,노외 주차장,1,시간제 주차장,02-2650-1454,24,N,무료,N,야간 미개방,0,0,2019-06-10 09:33:51,0.0,0.0,0.0,0.0,0.0,영등포구,신길동
173238,대림3동공영(구),영등포구 대림동 745-1,NW,노외 주차장,1,시간제 주차장,02-841-6957,105,Y,유료,N,야간 미개방,600,2200,2019-06-10 09:33:52,50.0,5.0,50.0,5.0,,영등포구,대림동
173245,대림2동공영(구),영등포구 대림동 1072-25,NW,노외 주차장,1,시간제 주차장,02-2677-1401,154,Y,유료,N,야간 미개방,0,2400,2020-08-11 15:35:00,50.0,5.0,50.0,5.0,0.0,영등포구,대림동
173246,도림초교공영(구),영등포구 신길동 285-1,NW,노외 주차장,1,시간제 주차장,02-2677-1401,145,Y,유료,N,야간 미개방,0,2400,2020-08-11 16:25:41,50.0,5.0,50.0,5.0,0.0,영등포구,신길동
173250,대림1동공영(구),영등포구 대림동 834-1,NW,노외 주차장,1,시간제 주차장,02-2677-1401,155,Y,유료,N,야간 미개방,0,2400,2020-08-11 15:27:50,100.0,5.0,100.0,5.0,0.0,영등포구,대림동
173262,도림동공영(구),영등포구 도림동 226-13,NW,노외 주차장,1,시간제 주차장,02-2650-1435,26,N,무료,N,야간 미개방,0,0,2019-06-10 09:33:39,,,,,0.0,영등포구,도림동
173277,대림어린이공원 공영(구),영등포구 대림동 870-0,NW,노외 주차장,1,시간제 주차장,02-2677-1401,198,Y,유료,N,야간 미개방,0,2400,2020-08-11 16:28:56,100.0,5.0,100.0,5.0,0.0,영등포구,대림동
173278,공유) 성대주차장(구),동작구 상도동 259-27,NW,노외 주차장,3,시간제 + 거주자 주차장,02-820-9818,28,Y,유료,N,야간 미개방,0,2359,2021-06-17 16:50:39,1200.0,60.0,600.0,30.0,0.0,동작구,상도동
173285,구릉주차장(구),동작구 신대방동 351-14,NW,노외 주차장,1,시간제 주차장,,22,Y,유료,N,야간 미개방,800,2300,2019-06-10 09:33:40,150.0,5.0,150.0,5.0,,동작구,신대방동
173286,공유) 은행나무골(구),동작구 사당동 297-1,NW,노외 주차장,3,시간제 + 거주자 주차장,02-820-9818,7,Y,유료,N,야간 미개방,0,2359,2021-06-17 16:35:30,1200.0,60.0,600.0,30.0,0.0,동작구,사당동
173289,서광주차장(구),동작구 신대방동 607-45,NW,노외 주차장,1,시간제 주차장,,60,Y,유료,N,야간 미개방,0,2400,2019-06-10 09:33:41,150.0,5.0,150.0,5.0,35000.0,동작구,신대방동
173291,대방생태공영주차장(구),동작구 대방동 395-1,NW,노외 주차장,1,시간제 주차장,,39,Y,유료,N,야간 미개방,0,2400,2019-06-10 09:34:38,150.0,5.0,150.0,5.0,35000.0,동작구,대방동
173299,신길4동1마을공원 공영(구),영등포구 신길동 232-20,NW,노외 주차장,1,시간제 주차장,02-2677-1401,130,Y,유료,N,야간 미개방,0,2400,2020-08-11 16:33:56,50.0,5.0,50.0,5.0,0.0,영등포구,신길동
173353,보라매제1공영주차장(구),관악구 봉천동 110-4,NW,노외 주차장,3,시간제 + 거주자 주차장,02-2081-2675,133,Y,유료,N,야간 미개방,0,2400,2019-06-10 09:34:53,50.0,5.0,50.0,5.0,0.0,관악구,봉천동
173359,대치2문화센터 공영주차장(구),강남구 대치동 980-9,NW,노외 주차장,1,시간제 주차장,02-2176-0914,159,Y,유료,N,야간 미개방,0,2400,2020-07-08 11:12:39,300.0,5.0,300.0,5.0,,강남구,대치동
173389,구룡산제2호(구),강남구 개포동 126-2,NW,노외 주차장,1,시간제 주차장,02-572-0648,132,Y,유료,N,야간 미개방,900,1900,2020-07-08 18:05:36,200.0,5.0,200.0,5.0,,강남구,개포동
173440,논현로32길15 공영주차장(구),강남구 도곡동 516-2,NW,노외 주차장,1,시간제 주차장,02-2176-0907,16,Y,유료,N,야간 미개방,0,2400,2020-07-08 10:53:41,300.0,5.0,300.0,5.0,,강남구,도곡동
173447,도곡로 421 공영주차장(구),강남구 대치동 939-21,NW,노외 주차장,1,시간제 주차장,02-552-8723,27,Y,유료,N,야간 미개방,0,2400,2020-07-07 17:38:03,400.0,5.0,400.0,5.0,,강남구,대치동
173452,사당노외 공영주차장(시),서초구 방배동 507-1,NW,노외 주차장,1,시간제 주차장,02-3405-4078,184,Y,유료,N,야간 미개방,0,2400,2021-10-06 18:13:04,400.0,5.0,400.0,5.0,,서초구,방배동
173468,개포동공원 공영주차장(구),강남구 개포동 183-2,NW,노외 주차장,1,시간제 주차장,02-2176-0916,149,Y,유료,N,야간 미개방,0,2400,2020-07-08 18:11:34,200.0,5.0,200.0,5.0,,강남구,개포동
173472,대청역 공영주차장(구),강남구 개포동 13-2,NW,노외 주차장,1,시간제 주차장,02-2176-0941,168,Y,유료,N,야간 미개방,0,2400,2020-07-08 18:26:20,100.0,5.0,100.0,5.0,,강남구,개포동
173474,구룡산제1호(구),강남구 개포동 567-23,NW,노외 주차장,1,시간제 주차장,02-577-0592,92,Y,유료,N,야간 미개방,900,1900,2020-07-08 16:18:46,200.0,5.0,200.0,5.0,,강남구,개포동
173488,시민의숲 동측 공영주차장[양재시민의숲역 4호점](구),서초구 양재동 237-0,NW,노외 주차장,1,시간제 주차장,02-2155-7284,148,Y,유료,N,야간 미개방,0,2400,2021-06-17 10:24:16,250.0,5.0,250.0,5.0,0.0,서초구,양재동
173498,구룡공원구립주차장(구),서초구 양재동 399-0,NW,노외 주차장,3,시간제 + 거주자 주차장,02-3462-2224,132,Y,유료,N,야간 미개방,0,2400,2019-06-10 09:32:35,300.0,10.0,300.0,10.0,0.0,서초구,양재동
173499,도곡로 327 공영주차장(구),강남구 역삼동 765-22,NW,노외 주차장,1,시간제 주차장,02-2176-0907,17,Y,유료,N,야간 미개방,0,2400,2020-07-07 18:17:14,400.0,5.0,400.0,5.0,,강남구,역삼동
173521,반포동 방음언덕형 공영주차장(구),서초구 반포동 730-0,NW,노외 주차장,3,시간제 + 거주자 주차장,02-2155-7287,94,Y,유료,N,야간 미개방,0,2400,2020-10-28 10:03:45,300.0,10.0,300.0,10.0,0.0,서초구,반포동
173534,강남치매지원센터 공영주차장(구),강남구 삼성동 113-26,NW,노외 주차장,1,시간제 주차장,02-552-7849,115,Y,유료,N,야간 미개방,0,2400,2021-08-12 10:44:25,400.0,5.0,400.0,5.0,,강남구,삼성동
173553,수서역북 공영주차장(시),강남구 수서동 735-0,NW,노외 주차장,1,시간제 주차장,02-3405-4076,569,Y,유료,N,야간 미개방,0,2400,2021-11-10 16:41:43,320.0,5.0,320.0,5.0,,강남구,수서동
173573,서초역 공영주차장(구),서초구 서초동 1542-12,NW,노외 주차장,1,시간제 주차장,02-2155-7294,23,Y,유료,N,야간 미개방,0,2400,2021-01-14 10:04:37,250.0,5.0,250.0,5.0,0.0,서초구,서초동
173578,난곡동제1공영주차장(舊신림3동 공영주차장)(구),관악구 신림동 626-82,NW,노외 주차장,3,시간제 + 거주자 주차장,02-2081-2670,119,Y,유료,N,야간 미개방,0,2400,2019-06-10 09:35:27,50.0,5.0,50.0,5.0,,관악구,신림동
173590,구룡공영주차빌딩(구),서초구 양재동 301-6,NW,노외 주차장,1,시간제 주차장,02-573-2224,107,Y,유료,N,야간 미개방,0,2400,2019-06-10 09:35:29,300.0,10.0,300.0,10.0,0.0,서초구,양재동
173665,무궁화공영주차장(구),서초구 서초동 1666-17,NW,노외 주차장,3,시간제 + 거주자 주차장,080-330-3600,69,Y,유료,N,야간 미개방,0,2400,2019-06-10 09:32:16,500.0,10.0,500.0,10.0,20000.0,서초구,서초동
173673,문정근린공원(구),송파구 문정동 38-3,NW,노외 주차장,1,시간제 주차장,02-431-0166,290,Y,유료,N,야간 미개방,0,2400,2020-11-16 11:26:26,150.0,5.0,150.0,5.0,,송파구,문정동
173685,교대역동측주차장(구),서초구 서초동 1673-7,NW,노외 주차장,1,시간제 주차장,080-330-3600,32,Y,유료,N,야간 미개방,900,2300,2019-06-10 09:32:17,800.0,10.0,800.0,10.0,30000.0,서초구,서초동
173696,반포둥근마을 공영주차장(구),서초구 반포동 49-8,NW,노외 주차장,3,시간제 + 거주자 주차장,02-2155-7287,179,Y,유료,N,야간 미개방,0,2400,2020-10-28 10:26:40,300.0,10.0,300.0,10.0,,서초구,반포동
173698,동산마을 공영주차장(구),서초구 양재동 370-5,NW,노외 주차장,3,시간제 + 거주자 주차장,02-2155-7294,121,Y,유료,N,야간 미개방,0,2400,2020-10-28 14:50:19,500.0,10.0,500.0,10.0,0.0,서초구,양재동
173701,서래마을공영주차장(구),서초구 반포동 90-7,NW,노외 주차장,1,시간제 주차장,02-2155-7287,78,Y,유료,N,야간 미개방,0,2400,2021-01-14 10:16:45,150.0,5.0,150.0,5.0,0.0,서초구,반포동
173749,방이동 공영주차장(구),송파구 방이동 52-1,NW,노외 주차장,1,시간제 주차장,02-2043-0544,131,Y,유료,N,야간 미개방,0,2400,2019-06-10 09:32:39,150.0,5.0,150.0,5.0,0.0,송파구,방이동
173750,명일동(구),강동구 명일동 312-250,NW,노외 주차장,1,시간제 주차장,02-442-6124,245,Y,유료,N,야간 미개방,0,2400,2019-06-10 09:32:39,250.0,5.0,250.0,5.0,,강동구,명일동
173752,복정역 공영주차장(시),송파구 장지동 600-2,NW,노외 주차장,1,시간제 주차장,02-3405-4075,363,Y,유료,N,야간 미개방,0,2400,2021-10-06 18:12:19,170.0,5.0,170.0,5.0,,송파구,장지동
173776,가락 1공영주차장(구),송파구 가락동 98-1,NW,노외 주차장,1,시간제 주차장,02-430-1580,48,Y,유료,N,야간 미개방,0,2400,2020-11-16 11:29:16,250.0,5.0,250.0,5.0,,송파구,가락동
173821,마천동 2공영주차장(구),송파구 마천동 364-5,NW,노외 주차장,1,시간제 주차장,02-407-4947,116,Y,유료,N,야간 미개방,0,2400,2020-11-16 11:27:27,50.0,5.0,50.0,5.0,,송파구,마천동
173828,남산한옥마을 공영주차장(시),중구 필동2가 83-1,NW,노외 주차장,5,시간제 + 버스전용 주차장,02-2275-6122,17,Y,유료,N,야간 미개방,900,2000,2021-10-06 18:03:16,430.0,5.0,430.0,5.0,0.0,중구,필동2가
173831,도봉산 공영주차장(시),도봉구 도봉동 282-26,NW,노외 주차장,1,시간제 주차장,02-1688-1054,185,Y,유료,N,야간 미개방,800,2200,2021-10-08 14:54:29,170.0,5.0,170.0,5.0,0.0,도봉구,도봉동
173860,개운산(구),성북구 종암동 54-182,NW,노외 주차장,1,시간제 주차장,,11,Y,유료,N,야간 미개방,900,1900,2019-06-10 09:32:56,900.0,30.0,300.0,10.0,10000.0,성북구,종암동
173870,삼전동공영주차장(구),송파구 삼전동 175-8,NW,노외 주차장,1,시간제 주차장,02-422-1055,198,Y,유료,N,야간 미개방,0,2400,2019-06-10 09:33:00,50.0,5.0,50.0,5.0,0.0,송파구,삼전동
173877,송파동 공영주차장(구),송파구 송파동 128-0,NW,노외 주차장,1,시간제 주차장,02-424-2372,85,Y,유료,N,야간 미개방,0,2400,2020-11-16 11:28:27,50.0,5.0,50.0,5.0,,송파구,송파동
173880,석촌고분 공영주차장(구),송파구 석촌동 248-0,NW,노외 주차장,1,시간제 주차장,02-3431-1763,63,Y,유료,N,야간 미개방,900,1800,2020-11-16 11:42:06,50.0,5.0,50.0,5.0,,송파구,석촌동
173885,가락 2공영주차장(구),송파구 가락동 80-2,NW,노외 주차장,1,시간제 주차장,02-401-1580,84,Y,유료,N,야간 미개방,0,2400,2020-11-16 11:29:29,250.0,5.0,250.0,5.0,,송파구,가락동
173886,거여동 공영주차장(구),송파구 거여동 33-16,NW,노외 주차장,1,시간제 주차장,02-402-1055,137,Y,유료,N,야간 미개방,0,2400,2019-06-10 09:33:02,50.0,5.0,50.0,5.0,0.0,송파구,거여동
1910168,공유) 22-29(구),강서구 방화동 816-4 담벼락쪽,NS,노상 주차장,1,시간제 주차장,,1,Y,유료,N,야간 미개방,900,1800,2020-05-27 10:04:42,600.0,30.0,600.0,30.0,0.0,강서구,방화동
1912049,마장동 공영주차장(시),성동구 마장동 459-6,NW,노외 주차장,1,시간제 주차장,02-2290-6449,10,Y,유료,N,야간 미개방,0,2400,2021-10-06 18:09:07,120.0,5.0,120.0,5.0,0.0,성동구,마장동
1912276,공유) 대림역 4번출구 (구),구로구 구로동 119-13,NS,노상 주차장,2,거주자 우선 주차장,,1,Y,유료,N,야간 미개방,0,0,2020-12-24 11:00:51,0.0,0.0,0.0,0.0,0.0,구로구,구로동
1912306,공유) 구로5동 주민센터(구),구로구 구로동 61-2,NS,노상 주차장,2,거주자 우선 주차장,,1,Y,유료,N,야간 미개방,0,0,2020-12-24 10:18:13,0.0,0.0,0.0,0.0,0.0,구로구,구로동
1912313,공유) 구로중앙로28길(구),구로구 구로동 528-5,NS,노상 주차장,1,시간제 주차장,,1,Y,유료,N,야간 미개방,0,2400,2020-12-24 10:57:32,600.0,10.0,600.0,10.0,,구로구,구로동
1912338,고척리본타운주차장(구),구로구 고척동 156,NW,노외 주차장,1,시간제 주차장,,66,Y,유료,N,야간 미개방,0,2400,2020-12-28 13:36:14,150.0,5.0,150.0,5.0,,구로구,고척동
1912395,대흥공영주차장(구),마포구 대흥동 73-27,NW,노외 주차장,1,시간제 주차장,02-300-5046,20,Y,유료,N,야간 미개방,0,2400,2021-01-06 10:11:35,250.0,5.0,0.0,0.0,0.0,마포구,대흥동
1912396,망원나들목공영주차장A동(구),마포구 망원동 461-3,NW,노외 주차장,1,시간제 주차장,02-300-5046,62,Y,유료,N,야간 미개방,0,2400,2021-10-29 15:38:11,200.0,5.0,0.0,0.0,0.0,마포구,망원동
1912602,공유) 능동로24길 IoT 공유주차장(구),광진구 능동 18-60,NS,노상 주차장,3,시간제 + 거주자 주차장,,1,Y,유료,N,야간 미개방,0,2400,2021-02-17 10:56:01,1200.0,10.0,0.0,0.0,0.0,광진구,능동
1912990,신길역사(1번출구) 거주자우선주차장(구),영등포구 신길동 54-2 ,NS,노상 주차장,2,거주자 우선 주차장,,1,Y,유료,N,야간 미개방,0,0,2021-05-31 18:08:56,0.0,0.0,0.0,0.0,0.0,영등포구,신길동
1912997,살피재 공유주차장(구),동작구 상도동 485-6 ,NS,노상 주차장,2,거주자 우선 주차장,,1,Y,유료,N,야간 미개방,0,0,2021-06-01 16:33:09,0.0,0.0,0.0,0.0,0.0,동작구,상도동
1913000,살피재 주차장(구),동작구 상도동 485-6 ,NS,노상 주차장,2,거주자 우선 주차장,,1,Y,유료,N,야간 미개방,0,0,2021-06-01 16:36:35,0.0,0.0,0.0,0.0,0.0,동작구,상도동
1913005,살피재 공유주차장(구),동작구 상도동 485-6 ,NS,노상 주차장,2,거주자 우선 주차장,,1,Y,유료,N,야간 미개방,0,0,2021-06-01 16:44:20,0.0,0.0,0.0,0.0,0.0,동작구,상도동
1913069,공유) 창신동 49번~53번(창삼 제1공영주차장)(구),종로구 창신동 23-348,NW,노외 주차장,3,시간제 + 거주자 주차장,02-2148-3335,5,Y,유료,N,야간 미개방,0,2359,2021-06-17 18:16:17,600.0,30.0,100.0,10.0,,종로구,창신동
1913071,공유) 삼청동 주민센터(구),종로구 삼청동 111-1,NW,노외 주차장,3,시간제 + 거주자 주차장,02-2148-3335,9,Y,유료,N,야간 미개방,0,2359,2021-06-21 18:31:27,600.0,30.0,100.0,10.0,,종로구,삼청동
1913083,공유) 성동 19-02(구),성동구 송정동 66-28,NS,노상 주차장,3,시간제 + 거주자 주차장,,1,Y,유료,N,야간 미개방,0,0,2021-06-24 15:39:56,150.0,5.0,,,,성동구,송정동
1913124,공유) 성동 14-02(구),성동구 옥수동 343-4 ,NS,노상 주차장,3,시간제 + 거주자 주차장,,1,Y,유료,N,야간 미개방,0,0,2021-06-24 15:42:54,150.0,5.0,,,,성동구,옥수동
1913173,공유) 성동 19-01(구),성동구 송정동 73-474 ,NS,노상 주차장,3,시간제 + 거주자 주차장,,1,Y,유료,N,야간 미개방,0,0,2021-06-24 15:40:54,150.0,5.0,,,,성동구,송정동
1913193,공유) 성동 04-49(구),성동구 마장동 797-16 ,NS,노상 주차장,3,시간제 + 거주자 주차장,,1,Y,유료,N,야간 미개방,0,0,2021-06-24 15:53:55,150.0,5.0,,,,성동구,마장동
1913208,공유) 성동 03-15(구),성동구 홍익동 101-2 ,NS,노상 주차장,3,시간제 + 거주자 주차장,,1,Y,유료,N,야간 미개방,0,0,2021-06-24 15:59:03,150.0,5.0,,,,성동구,홍익동
1913214,공유) 성동 03-20(구),성동구 도선동 12-1 ,NS,노상 주차장,3,시간제 + 거주자 주차장,,1,Y,유료,N,야간 미개방,0,0,2021-06-24 15:59:30,150.0,5.0,,,,성동구,도선동
1913265,공유) 성동 15-27(구),성동구 성수동1가 22-17 ,NS,노상 주차장,3,시간제 + 거주자 주차장,,1,Y,유료,N,야간 미개방,0,0,2021-06-24 16:22:18,150.0,5.0,,,,성동구,성수동1가
1913285,공유) 성동 18-05(구),성동구 성수동2가 289-201,NS,노상 주차장,3,시간제 + 거주자 주차장,,1,Y,유료,N,야간 미개방,0,0,2021-06-24 16:23:07,150.0,5.0,,,,성동구,성수동2가
1913321,공유) 성동 17-29(구),성동구 성수동2가 527-0 ,NS,노상 주차장,3,시간제 + 거주자 주차장,,1,Y,유료,N,야간 미개방,0,0,2021-06-24 16:23:40,150.0,5.0,0.0,0.0,0.0,성동구,성수동2가
1913345,공유) 성동 17-02(구),성동구 성수동2가 334-2 ,NS,노상 주차장,3,시간제 + 거주자 주차장,,1,Y,유료,N,야간 미개방,0,0,2021-06-24 16:24:31,150.0,5.0,,,,성동구,성수동2가
1913376,공유) 성동 18-10(구),성동구 성수동2가 277-117 ,NS,노상 주차장,3,시간제 + 거주자 주차장,,1,Y,유료,N,야간 미개방,0,0,2021-06-24 16:24:55,150.0,5.0,,,,성동구,성수동2가
1913399,공유) 성북구 복사골 주차장(구),성북구 성북동 230-1,NW,노외 주차장,3,시간제 + 거주자 주차장,02-1661-5806,10,Y,유료,N,야간 미개방,0,2359,2021-06-30 17:41:28,1200.0,60.0,600.0,30.0,0.0,성북구,성북동
1913400,공유) 성북구 도담도담 주차장(구),성북구 성북동 232-13,NW,노외 주차장,3,시간제 + 거주자 주차장,02-1661-5806,7,Y,유료,N,야간 미개방,0,2359,2021-06-30 17:47:59,1200.0,60.0,600.0,30.0,,성북구,성북동
1913401,공유) 성북구 심우장 주차장(구),성북구 성북동 241-5,NW,노외 주차장,3,시간제 + 거주자 주차장,02-1661-5806,11,Y,유료,N,야간 미개방,0,2359,2021-06-30 17:53:21,1200.0,60.0,600.0,30.0,0.0,성북구,성북동
1913415,면목유수지 공영주차장(시),중랑구 면목동 168-2,NW,노외 주차장,1,시간제 주차장,,567,Y,유료,N,야간 미개방,0,2400,2021-07-12 09:08:14,100.0,5.0,100.0,5.0,0.0,중랑구,면목동
1913534,공유) 화랑마을 공영(구),중랑구 묵동 122-9178,NW,노외 주차장,3,시간제 + 거주자 주차장,02-1661-5806,4,Y,유료,N,야간 미개방,900,1800,2021-07-28 20:21:17,600.0,60.0,300.0,30.0,,중랑구,묵동
1913538,공유) 용마산로524 공영(구),중랑구 망우동 466-9009,NW,노외 주차장,3,시간제 + 거주자 주차장,02-1661-5806,4,Y,유료,N,야간 미개방,900,1800,2021-07-29 12:20:50,600.0,60.0,300.0,30.0,,중랑구,망우동
75964,빨래골 노상공영(구),강북구 수유동 49-27,NS,노상 주차장,3,시간제 + 거주자 주차장,02-944-3025,1,Y,유료,N,야간 미개방,900,1900,2019-06-10 09:53:58,200.0,5.0,200.0,5.0,10000.0,강북구,수유동
781512,곰달래 문화복지센터 공영주차장(구),강서구 화곡동 890-0,NW,노외 주차장,1,시간제 주차장,02-2690-2818,248,Y,유료,N,야간 미개방,0,0,2021-02-06 15:14:43,100.0,5.0,100.0,5.0,5000.0,강서구,화곡동
790441,도화 공영주차장(구),마포구 도화동 557-0,NW,노외 주차장,1,시간제 주차장,02-300-5052,63,Y,유료,N,야간 미개방,0,2400,2019-06-10 09:37:28,250.0,5.0,250.0,5.0,0.0,마포구,도화동
79904,가오천 노상공영(구),강북구 수유동 181-40,NS,노상 주차장,3,시간제 + 거주자 주차장,,1,Y,유료,N,야간 미개방,900,1900,2019-06-10 09:53:59,200.0,5.0,200.0,5.0,10000.0,강북구,수유동
804444,면목2동공영주차장(구),중랑구 면목동 146-1,NW,노외 주차장,3,시간제 + 거주자 주차장,080-490-3894,199,Y,유료,N,야간 미개방,0,2400,2019-06-10 09:35:14,100.0,5.0,100.0,5.0,0.0,중랑구,면목동
881056,목동노외 공영주차장(시),양천구 목동 905-32,NW,노외 주차장,1,시간제 주차장,02-2664-1386,48,Y,유료,N,야간 미개방,900,1900,2021-10-08 11:29:25,150.0,5.0,150.0,5.0,9000.0,양천구,목동
892053,도화공영주차장(구),동작구 상도동 244-183,NW,노외 주차장,1,시간제 주차장,,58,Y,유료,N,야간 미개방,0,2400,2019-06-10 09:33:12,150.0,5.0,150.0,5.0,35000.0,동작구,상도동
903979,부군당길공영주차장(구),동대문구 전농동 273-1,NW,노외 주차장,3,시간제 + 거주자 주차장,02-2247-9664~6,63,Y,유료,N,야간 미개방,900,1900,2019-06-10 09:33:37,1000.0,60.0,0.0,0.0,10000.0,동대문구,전농동
911542,구산동 마을공원 지하공동주차장(구),은평구 구산동 340-1,NW,노외 주차장,1,시간제 주차장,02-1588-5783,77,Y,유료,N,야간 미개방,0,2400,2020-10-30 15:13:47,100.0,5.0,,,,은평구,구산동
968455,구세군길 공영주차장(무인)(구),강북구 미아동 791-1360,NW,노외 주차장,1,시간제 주차장,02-944-3036,87,Y,유료,N,야간 미개방,0,2400,2019-06-10 09:36:28,150.0,5.0,150.0,5.0,10000.0,강북구,미아동
968483,가오리 공영주차장(구),강북구 수유동 349-3,NW,노외 주차장,1,시간제 주차장,02-944-3046,120,Y,유료,N,야간 미개방,0,2400,2019-06-10 09:33:31,150.0,5.0,150.0,5.0,10000.0,강북구,수유동
968494,삼양시장길 공영주차장(무인)(구),강북구 미아동 791-1429,NW,노외 주차장,1,시간제 주차장,02- 02-944-3025,43,N,무료,N,야간 미개방,0,0,2019-06-10 09:30:53,0.0,0.0,0.0,0.0,0.0,강북구,미아동
968503,삼양마을공원지하 공영주차장(구),강북구 미아동 748-2,NW,노외 주차장,1,시간제 주차장,02-944-3047,95,Y,유료,N,야간 미개방,0,2400,2019-06-10 09:33:19,200.0,5.0,200.0,5.0,10000.0,강북구,미아동
968514,색동공원 공영주차장(구),강북구 수유동 49-7,NW,노외 주차장,1,시간제 주차장,02-985-3492,80,Y,유료,N,야간 미개방,0,2400,2019-06-10 09:35:38,200.0,5.0,200.0,5.0,10000.0,강북구,수유동
980509,비봉주차장(구),종로구 구기동 139-9,NW,노외 주차장,1,시간제 주차장,02-391-4272,40,Y,유료,N,야간 미개방,800,1800,2019-06-10 09:36:12,150.0,5.0,150.0,5.0,,종로구,구기동
984617,신도림역환승주차장(구),구로구 구로동 1-4,NW,노외 주차장,1,시간제 주차장,,65,Y,유료,N,야간 미개방,0,2400,2019-06-10 09:33:13,100.0,5.0,100.0,5.0,0.0,구로구,구로동
984688,구로아트밸리 지하주차장(구),구로구 구로동 102-0,NW,노외 주차장,1,시간제 주차장,,245,Y,유료,N,야간 미개방,0,2400,2019-06-10 09:33:04,150.0,5.0,150.0,5.0,0.0,구로구,구로동
12345678,해바라기,떡잎구 당산동,NW,노외 주차장,1,시간제 주차장,장010-4032-7386,120,Y,유료,N,야간 미개방,0,24,2021/12/12 10:48:10,,,100.0,5.0,13000.0,떡잎구,당산동
123,,,,,0,,,0,,,,,0,0,2021/12/12 13:39:39,0.0,0.0,0.0,0.0,0.0,,
20170513,성신여대 주차장,성북구 돈암동,NW,노외장 주차장,1,시간제 주차장,02-970-0000,100,Y,유료,N,야간 미개방,0,2400,2021/12/12 13:42:02,150.0,5.0,150.0,5.0,30000.0,성북구,돈암동
